Id,Match_Id,Match_Type,Weapons_Acquired,Damage_Dealt,Kills,Assists,Heals,Revive,Ride_Distance,Walk_Distance,Swim_Distance,Team_Kills,Survival_Time,Match_Points,Match_Result
2926779827,821I29361T,Duo,6,0,0,0,7,4,175,2987,257,22,802,33,1
5128083743,B411B14432,Solo,3,1161,11,0,2,0,282,2055,350,13,794,30,1
3714616348,87B897E445,Squad,6,1372,13,0,7,2,2115,2952,348,27,659,22,0
4250287969,Z56652162H,Solo,4,105,1,0,8,0,1520,1087,146,10,1407,15,0
3617879477,4Y886V9874,Solo,7,1266,12,0,8,0,2912,189,32,13,640,28,0
5296403626,787F699M13,Solo,3,422,4,0,3,0,1474,1785,93,5,454,11,0
5859569658,BL94517905,Duo,4,738,7,0,3,2,589,1769,42,8,769,23,1
3394354758,1876PF8794,Squad,6,1055,10,3,3,0,1377,1820,293,18,743,26,0
5494529296,7M3412B549,Squad,4,527,5,0,8,2,2405,209,46,20,511,24,1
3768761384,53P2995U27,Duo,5,1477,14,1,5,2,2946,2770,486,15,762,10,1
3366676917,G174R47984,Squad,6,738,7,1,4,0,258,333,10,20,644,18,1
2777648588,79J9C86559,Duo,2,1266,12,2,3,4,250,1692,299,16,699,37,1
2528717777,3H9573W670,Solo,5,0,0,0,3,0,1021,2487,353,0,953,11,1
3447754472,70Y754F852,Solo,4,316,3,0,7,0,2637,538,229,12,1109,16,0
3321512481,358869I57E,Solo,3,1161,11,0,7,0,1800,2192,454,13,794,25,1
3406724161,5090816J0F,Squad,3,105,1,2,2,1,1151,859,371,19,1100,21,1
3178539628,80E7035M12,Squad,6,950,9,3,4,1,1122,2974,140,10,809,25,0
3434209187,385PD18500,Squad,4,1161,11,0,6,3,2500,2186,461,19,803,22,1
5562050104,M3475897K3,Squad,5,1055,10,1,3,1,2315,604,458,18,715,23,0
3604474376,215C5W9310,Squad,3,1161,11,1,2,1,2678,2785,493,20,740,29,0
3337923990,15728G15G0,Squad,3,527,5,0,5,2,218,1399,482,8,1205,14,1
3679763002,3TV4874900,Squad,4,1055,10,0,7,2,1365,1201,155,12,794,20,0
4031923466,748513J93V,Duo,6,1583,15,3,2,1,1825,135,256,18,725,20,1
2357024206,1X5W267497,Solo,6,527,5,0,7,0,1070,1222,129,10,1025,45,0
2065485382,T9103O6613,Solo,3,1372,13,0,3,0,2752,1796,227,20,676,26,0
5245625865,683529R12B,Solo,2,527,5,0,7,0,2510,1320,339,6,1022,15,1
2950820237,N44490Z505,Squad,7,950,9,1,3,2,2992,2809,361,19,682,20,1
4646619751,M099W60011,Solo,3,1055,10,0,7,0,24,659,300,16,780,20,1
3814223697,37A080462A,Solo,3,422,4,0,2,0,1451,1947,161,14,1005,16,1
2872703751,2M47W81400,Solo,3,316,3,0,7,0,2946,1346,114,7,1005,10,1
4967746188,492620ZP80,Duo,2,422,4,1,6,1,1843,2178,69,25,435,28,1
2070358827,9U94938E71,Duo,5,1372,13,0,8,1,2530,2371,256,17,798,14,1
5438795998,240212AJ17,Duo,6,633,6,1,7,2,2505,967,255,30,672,30,1
3328594908,Y59529046Y,Squad,7,1583,15,0,8,3,2692,2667,442,25,607,26,1
2343449745,81N6Q21118,Squad,5,1266,12,3,2,4,1617,39,206,19,829,20,0
5347286836,5J085667Y4,Squad,6,211,2,0,6,3,2204,670,111,18,175,22,0
3509356388,948R9D3936,Squad,2,422,4,1,3,0,255,2169,92,16,249,18,0
5398197826,183D17K252,Solo,4,633,6,0,5,0,1503,2553,145,8,833,18,1
4967556890,4O2931H752,Duo,4,1372,13,1,8,2,2167,75,4,21,775,35,0
4583689670,541QA36178,Duo,5,527,5,2,3,2,74,2625,133,14,1113,44,1
2302239359,9300D407C9,Duo,5,633,6,2,7,1,1096,1291,234,22,655,24,1
4289744957,99O1586G71,Duo,5,105,1,3,3,0,2504,981,248,16,393,13,1
5428494552,7J39N43920,Squad,7,1372,13,2,3,1,309,421,155,18,692,30,1
3544981041,G8L5999536,Duo,5,950,9,3,8,0,1229,438,222,16,620,21,0
5605945156,82X834813N,Duo,2,950,9,1,4,2,1670,2858,114,17,696,30,0
5660944946,36Y6K50917,Duo,5,527,5,0,4,2,301,773,309,14,1515,32,1
3730617769,69D30L9981,Duo,2,316,3,0,6,3,2025,1768,262,19,817,29,0
3875453762,6Z729483S8,Squad,3,527,5,1,6,3,515,1319,267,9,293,38,1
2570615523,P54V295400,Squad,6,633,6,3,7,1,2018,1798,141,22,630,32,0
4486687317,214429AK14,Solo,7,1583,15,0,3,0,1297,591,172,19,700,30,0
5296826578,H6L9026199,Solo,5,316,3,0,8,0,1850,444,284,13,449,17,0
5871833311,44B9567U37,Duo,6,0,0,0,7,0,287,2788,135,1,1284,11,0
2628454576,7317SL1708,Duo,5,1266,12,1,5,3,1647,2611,309,24,715,35,0
3959490497,8599W7953T,Solo,4,527,5,0,6,0,1379,1956,470,5,1514,26,1
5205830523,30PQ553812,Squad,7,211,2,1,3,0,2838,237,115,23,441,20,0
3184880430,06EK827993,Squad,4,1266,12,1,4,1,1899,687,443,24,771,31,1
3082608452,2N4309747R,Solo,6,844,8,0,8,0,818,935,5,17,761,20,1
4830739248,R48I387416,Solo,3,1372,13,0,6,0,2371,2872,410,17,849,23,0
5583782399,927153K3J0,Duo,6,527,5,1,4,2,1383,100,135,25,637,30,0
4708456720,9191625HI1,Solo,5,1372,13,0,3,0,1553,2625,49,20,610,20,1
2716930295,9182R7437U,Squad,6,422,4,1,6,2,2485,133,313,30,1378,28,1
4214192824,6291H43B18,Squad,6,1583,15,1,4,1,509,1965,74,25,634,23,0
4921560490,E447C79294,Squad,2,1477,14,1,6,3,2349,2894,35,20,782,26,1
4840894675,721O6F5807,Solo,4,1372,13,0,7,0,2946,1797,319,13,826,25,1
2139377749,7U2E744164,Squad,5,950,9,3,4,3,203,344,222,30,720,23,0
5844309559,39SA590576,Squad,3,1477,14,3,7,0,2860,1221,302,24,704,26,0
4301549637,802983RN90,Solo,2,0,0,0,3,0,1593,238,191,0,355,16,1
4929800904,70U75524R4,Duo,4,422,4,2,6,0,1617,1570,183,23,293,21,0
3252623257,1T93706U85,Duo,2,105,1,3,2,3,1497,2038,203,24,1533,30,1
4163441099,5936TY8597,Duo,6,1055,10,3,2,3,919,66,126,27,844,32,1
2894665041,4687595BM6,Duo,3,1372,13,2,4,2,1231,2597,343,14,667,17,1
3777804908,L6642O6924,Squad,2,422,4,0,3,2,264,1307,20,19,261,23,1
2457298978,264E06R187,Squad,5,105,1,3,5,4,484,835,411,14,1536,19,1
4555279682,947376D46E,Squad,6,1477,14,3,2,0,2825,2698,170,17,600,22,0
2779704806,073454P8L1,Duo,7,211,2,1,7,2,1854,2012,313,4,927,32,1
3873491485,6B2L817958,Duo,2,316,3,1,6,0,63,1550,353,4,339,25,0
5294405963,W1G0707889,Squad,7,1477,14,0,7,3,855,2793,225,21,681,25,0
3953538153,0595813AL3,Solo,2,1055,10,0,4,0,386,452,238,16,847,30,0
2408625774,11J5A75482,Squad,5,1161,11,0,8,4,1735,848,376,12,602,25,1
2203243938,792D67725C,Squad,5,1161,11,0,3,1,2683,1068,63,28,655,21,0
2950848564,268L4G8951,Duo,5,422,4,0,6,3,875,998,193,22,758,33,0
5985409138,38921U86O3,Solo,3,1055,10,0,7,0,1639,1138,225,11,681,22,0
5337197944,8M8D756861,Squad,7,0,0,0,5,4,131,2146,222,16,1403,17,0
2216817392,5N7539941D,Duo,3,1266,12,3,4,1,2397,1172,317,13,720,29,1
5083670849,79M924B956,Duo,7,1372,13,3,8,1,322,590,428,13,658,23,1
3180071887,QJ40050022,Duo,3,1161,11,1,8,4,2837,775,211,18,606,20,0
2791399579,3753635HW1,Squad,5,422,4,1,8,4,759,613,132,9,750,14,0
4045142375,13570R236B,Squad,3,844,8,0,8,4,2341,2448,47,14,752,24,1
3427724213,35O3796T97,Squad,4,527,5,3,3,4,2626,2220,232,19,1570,40,1
3571047810,017C105T17,Squad,2,211,2,2,6,4,1085,887,499,22,1538,18,0
4287493815,S3749775D3,Solo,3,527,5,0,7,0,2092,2111,189,5,821,15,1
3684924446,85H319S610,Squad,5,950,9,3,3,3,2059,739,253,28,831,29,0
4785182512,C66228Y787,Duo,7,1372,13,2,2,3,21,1248,49,29,782,38,0
3924543345,5M3243E587,Solo,5,950,9,0,6,0,326,2914,463,14,704,25,1
3823660078,70T786W485,Squad,4,1055,10,0,6,0,664,2206,323,22,804,22,1
3638618576,0Y63390Y33,Solo,6,1583,15,0,3,0,436,205,49,16,709,30,0
4808752781,77024U511A,Duo,6,211,2,0,4,2,1356,2093,154,24,1091,34,0
2169334502,5A8190799K,Solo,7,527,5,0,7,0,780,700,441,15,890,38,1
3769834779,G84577F133,Squad,4,1372,13,2,5,2,1789,1065,52,18,652,21,0
3565819450,2H152496A1,Squad,6,105,1,3,4,0,885,1423,463,18,1140,22,0
5661386720,A4184784G2,Squad,4,738,7,2,6,4,2029,2428,31,11,751,29,0
2116442425,9H01370J24,Solo,5,738,7,0,7,0,813,1987,325,12,610,26,0
2116854494,4667QQ4462,Solo,3,527,5,0,3,0,898,539,325,12,539,27,1
5508181274,PY07395518,Duo,4,633,6,2,3,4,2435,179,379,9,736,30,1
5464607465,110T8H9116,Squad,6,844,8,3,2,2,1170,2409,209,10,841,23,0
5073919969,68047G471F,Solo,7,1161,11,0,4,0,1311,203,304,19,655,25,0
2656633990,Q995376P05,Solo,7,211,2,0,5,0,2390,567,89,6,191,10,0
5744575140,2767409G5Y,Solo,6,316,3,0,8,0,1999,856,215,12,1466,13,1
4118954341,3043P3L428,Duo,3,105,1,3,3,0,1619,2382,38,8,607,16,1
2177454845,69099A97J0,Duo,6,633,6,3,3,3,2181,2144,407,22,665,26,1
5019687553,424Q7042C0,Squad,5,1055,10,0,4,2,1881,2387,269,12,700,29,1
3046816652,0D159M7724,Duo,3,105,1,3,7,3,2703,1234,42,21,1438,26,1
5124465451,3392W8L902,Solo,7,1161,11,0,5,0,1256,114,359,12,687,27,0
4361012880,580U36708Q,Squad,4,527,5,2,2,4,492,1321,76,12,1008,23,1
5629989380,65D8771S11,Solo,5,211,2,0,7,0,518,2299,338,8,256,18,0
3150574650,4984607P2J,Duo,3,844,8,3,8,0,1514,2252,145,13,759,41,1
4641967402,69T999Q351,Solo,3,1055,10,0,2,0,1729,2719,44,12,751,21,1
2134589663,G60852530L,Duo,2,633,6,3,6,3,2269,249,333,11,670,40,1
5020149763,M39167319Y,Squad,5,527,5,3,5,1,657,817,419,25,1075,36,1
2063502381,G09Y659363,Duo,6,211,2,3,4,2,2886,752,309,9,221,30,1
3405096651,4554Q0N767,Squad,6,1477,14,0,8,2,446,262,327,17,616,21,1
2732124930,197O0283A4,Squad,3,105,1,2,4,3,1413,2292,111,20,1533,21,1
4827445132,636F36562S,Duo,6,316,3,1,7,0,1497,2473,91,5,1062,12,1
5718206511,3606K0936I,Squad,4,211,2,2,3,1,2122,386,230,15,356,19,0
3639071697,Y07568116L,Duo,3,844,8,3,7,0,2260,2284,333,18,839,33,0
4461394455,367782V8A9,Solo,6,316,3,0,4,0,2830,2858,58,5,1522,20,0
4473801666,93449KT335,Squad,3,844,8,1,3,4,2752,548,291,26,697,25,1
5999422627,0Q4073741E,Squad,2,316,3,3,8,1,773,2993,175,26,482,19,0
2354630859,3502E02S73,Duo,7,1161,11,0,3,0,2489,2928,437,17,680,27,1
3253580241,361M364P41,Solo,3,316,3,0,5,0,2860,1232,56,12,988,12,1
3366228600,669837T36E,Solo,5,633,6,0,5,0,2549,953,434,8,807,28,0
4802686509,90M208O227,Solo,3,738,7,0,4,0,1180,2235,318,17,620,29,1
2234429966,64FR992717,Duo,2,633,6,1,6,1,1861,1832,361,7,654,19,1
4410333787,71602952BJ,Squad,7,1266,12,1,3,0,263,2468,221,25,812,30,1
5973131115,751N5990Q2,Solo,4,0,0,0,6,0,461,1384,417,0,940,10,0
3336101646,642Q348N87,Duo,3,1477,14,1,6,2,1424,1788,415,22,836,14,1
3433338959,2FB5291291,Squad,7,1583,15,1,2,4,565,1870,90,15,680,20,0
5963360534,373663I5X9,Solo,6,0,0,0,3,0,13,1371,289,0,1402,17,1
4661741563,5083064E5G,Solo,7,211,2,0,7,0,2665,2091,178,9,1160,16,0
3138958053,W5049I9297,Solo,4,422,4,0,4,0,2701,727,387,12,661,15,0
5440860916,B19291258Z,Duo,7,1583,15,2,5,1,236,286,260,20,832,10,1
5179139063,191X826L69,Solo,7,1161,11,0,2,0,1351,981,304,20,724,30,1
2155627132,776U32S311,Squad,5,527,5,0,6,3,2884,1562,53,5,1522,12,1
4396076850,54K6T05759,Solo,6,527,5,0,3,0,2034,167,219,6,820,10,0
5739182935,373M46126N,Squad,7,1583,15,1,6,1,1771,1286,27,30,786,32,0
5558276606,0C4783C582,Solo,7,211,2,0,8,0,878,2950,87,4,934,13,1
2318905740,2030KC6185,Squad,3,316,3,3,7,0,2963,329,151,4,1472,22,1
5952638978,124V26459T,Solo,5,422,4,0,4,0,1462,127,178,13,1208,27,0
3480195623,16361583KA,Solo,5,1266,12,0,5,0,2181,1865,410,17,783,24,0
3171378289,49U9960M22,Duo,6,527,5,3,5,3,1236,820,297,6,399,26,1
2429334819,7289N89T60,Squad,2,1266,12,1,8,4,279,2903,405,24,736,32,0
2764742401,1678H55I00,Squad,4,211,2,3,4,3,1597,299,289,10,206,21,1
3952012725,7427359EP2,Duo,3,844,8,0,2,4,836,2498,188,10,795,40,0
3022618784,099818G50J,Solo,4,211,2,0,8,0,2735,927,380,7,964,19,0
3998123492,2I74Z29736,Duo,6,1161,11,3,4,2,1320,1558,265,15,638,32,1
4354903257,583G0779H0,Duo,4,0,0,0,4,2,2541,1662,41,28,1081,25,1
4705712885,M2795I1711,Solo,3,422,4,0,2,0,1407,576,443,10,298,19,1
5718507997,08936F864C,Squad,6,211,2,3,8,4,885,2029,297,5,939,19,0
3421189609,12T96075N8,Solo,5,105,1,0,4,0,1564,2519,143,5,629,16,0
4659408238,7M097P4795,Duo,6,1266,12,0,7,4,2331,1047,124,15,745,15,1
4832531544,7251FP7730,Duo,7,1266,12,1,6,4,2719,2129,104,20,793,25,0
4440950785,P4877Y4638,Squad,3,211,2,1,8,3,1752,2539,198,19,460,19,0
5481989723,66J71O5592,Solo,3,1161,11,0,7,0,2703,971,49,17,810,22,1
2897049453,81JE402179,Duo,3,633,6,1,6,4,2260,1120,7,8,807,35,1
4674855807,V9297491M8,Solo,2,0,0,0,8,0,337,1497,359,0,680,17,1
4715100395,38E395M100,Squad,4,1372,13,0,6,0,1464,2891,348,20,823,21,0
3461883193,M9438U8277,Squad,7,527,5,0,7,4,2306,142,330,20,849,43,1
5222176644,824LT16190,Duo,6,1583,15,2,6,1,1204,2413,246,16,767,23,1
4780200429,81TL961269,Squad,4,0,0,3,6,1,2072,2720,406,25,1626,18,0
4867643551,D919137U55,Squad,6,1055,10,0,6,2,1201,1115,451,19,725,26,0
5449590185,24735707RK,Duo,5,1266,12,0,8,2,1943,1353,206,13,737,29,0
3415009323,2H37T45647,Squad,4,1583,15,1,3,2,2470,2027,3,21,660,24,1
4100770688,8I0897074Y,Duo,5,1266,12,3,7,4,495,2522,263,12,652,30,1
4261964726,7728H2651N,Duo,2,1372,13,1,8,0,2642,1052,200,13,747,10,0
2992202334,912588AF99,Solo,4,1477,14,0,8,0,447,777,219,19,799,28,0
4891488947,67742D3I50,Duo,3,422,4,0,4,4,1633,1366,316,24,1436,39,1
3746049430,VF01685623,Solo,6,1161,11,0,7,0,1726,155,81,20,834,27,1
3555048267,646Z98Y365,Solo,7,1372,13,0,6,0,1108,846,53,22,791,27,0
4120711057,3H3737651J,Duo,6,633,6,1,3,1,1480,317,72,11,663,28,1
5723130431,2V4702H021,Squad,3,1266,12,2,2,1,235,2011,454,27,731,20,0
2514301206,6171262NE3,Solo,5,1372,13,0,7,0,2390,1861,442,21,806,29,1
5903215246,8X893154C0,Solo,5,105,1,0,6,0,1785,2532,24,7,1034,20,0
5781038562,739P94F784,Duo,7,0,0,2,5,1,2647,1173,331,2,1451,19,1
5708223679,6P1761E822,Duo,7,1372,13,3,8,3,1940,737,26,19,759,19,1
3604556087,5R68D20602,Solo,2,1583,15,0,6,0,1234,1147,168,19,769,27,1
5267669061,FN82169072,Squad,5,844,8,1,8,1,727,1305,282,11,684,20,1
5220885675,8B5764V436,Solo,2,211,2,0,3,0,364,1815,474,12,177,20,0
2511901867,I48479926T,Solo,4,422,4,0,6,0,1936,2752,472,10,1647,16,0
3261212711,B5096270T5,Solo,3,316,3,0,7,0,2437,1935,219,5,653,19,1
2917383577,Z74950K129,Solo,4,844,8,0,2,0,150,1572,126,16,713,28,0
4878363006,8163B0525M,Duo,4,211,2,0,2,2,1434,1350,493,12,668,34,0
3132260324,Y9J8234553,Solo,2,738,7,0,3,0,846,1914,469,8,813,19,1
3517872900,35U6Y90101,Solo,4,211,2,0,8,0,552,946,300,6,1241,13,0
5352433762,CO18578394,Solo,4,422,4,0,6,0,589,2290,179,10,866,17,1
3710833692,T10514A553,Solo,2,422,4,0,2,0,2783,2601,230,13,1265,27,0
3543140865,442117S8Q3,Squad,6,1583,15,2,5,1,409,1048,349,20,622,23,1
4482905559,0840389UP9,Solo,5,1266,12,0,4,0,1406,2653,191,13,817,27,0
2668533660,943C71421M,Squad,2,1477,14,1,3,0,2256,1936,471,21,717,29,0
2446341497,957R6M7409,Solo,5,422,4,0,7,0,2720,1295,144,14,1108,32,0
5195566637,08V13146F9,Duo,6,316,3,1,2,1,1629,1369,314,19,1373,37,1
5708196156,G285B37982,Squad,3,738,7,2,2,3,139,915,259,21,796,37,1
5183895927,L9211396F7,Squad,5,844,8,0,2,3,163,742,407,18,773,25,0
4144164783,1997J55G23,Squad,6,211,2,3,8,1,492,1877,263,12,1371,16,0
5724714338,20D98F2722,Squad,2,422,4,0,7,2,1434,835,218,20,125,27,0
2113393401,921269Z53K,Duo,4,1266,12,3,4,3,1166,42,441,22,742,20,1
2540777119,9HN9584866,Squad,3,738,7,0,3,1,2637,2881,245,7,798,11,1
4963807651,8B4371389E,Duo,3,0,0,3,7,1,22,84,436,9,1251,39,1
3265007419,8IJ5227599,Squad,7,1372,13,3,6,0,1827,2380,212,18,763,24,0
5239956220,57612U009W,Duo,6,1055,10,3,8,3,608,831,103,12,653,25,1
2633658855,6X6043779D,Duo,2,0,0,2,7,2,2397,1611,249,12,747,18,1
4287748326,679L263N00,Squad,3,1583,15,0,7,1,2316,1585,102,18,823,33,0
2933825905,2Q663D5821,Squad,7,316,3,0,5,2,2182,241,217,9,774,17,1
2736977119,3JS3102932,Duo,4,633,6,0,3,2,2354,2674,90,20,776,37,1
4183076260,006UB90000,Solo,2,1583,15,0,8,0,2732,366,242,22,816,20,1
3272552848,02351DH338,Duo,6,1055,10,0,3,1,1728,82,133,14,614,29,0
2944003268,59820V66X5,Squad,7,844,8,1,7,1,179,2070,20,22,836,24,1
5046541183,9L56V11300,Squad,4,527,5,0,5,4,1592,2802,192,18,613,45,0
2876505946,95D524215V,Squad,7,1266,12,1,3,4,763,2305,392,18,846,21,1
2816382462,429984Z77R,Solo,3,1266,12,0,3,0,17,2824,353,19,811,25,0
2618291050,005O178T96,Solo,6,1055,10,0,6,0,483,2303,217,19,756,20,1
2279832621,5367941H3X,Squad,6,316,3,0,2,2,2660,1558,37,29,1189,15,0
2221364334,413315TY35,Duo,7,0,0,0,6,1,152,535,431,8,1232,10,1
4548347006,73L5Z07619,Solo,6,844,8,0,3,0,2056,2901,476,14,755,13,1
2160979252,U61S401415,Solo,5,211,2,0,2,0,929,982,208,10,644,19,1
2668284450,13103DL612,Duo,4,105,1,0,5,2,2153,81,425,17,704,42,1
5983987188,0B01T21207,Squad,7,527,5,1,5,0,2692,686,190,8,870,19,0
3679982860,903A27069Q,Duo,4,633,6,2,3,3,2826,2665,353,8,662,15,0
3009351196,9X074996Z0,Duo,2,1583,15,0,2,1,1409,44,214,19,649,29,0
2950893606,747898B7B6,Duo,6,316,3,0,4,1,1181,766,311,7,1131,16,0
5107214830,3387906ME8,Solo,7,422,4,0,5,0,1861,2052,308,4,553,18,1
5111846737,717N70F362,Duo,6,1266,12,1,6,4,2040,1091,226,23,663,26,1
3418606354,M371L28970,Solo,5,1583,15,0,3,0,2310,2627,347,16,758,29,1
4633249065,6187Z601I7,Squad,6,527,5,1,4,1,1249,762,364,28,542,26,1
3666874486,47726278YE,Solo,4,0,0,0,7,0,511,2445,133,0,907,11,1
4491166119,957751FY91,Duo,7,316,3,3,2,2,1953,538,375,27,798,32,0
3828130219,0V9E408672,Duo,5,950,9,3,3,1,329,2992,240,14,658,23,1
4138754657,7471JZ4744,Squad,6,1583,15,3,2,2,1888,1107,414,15,796,28,0
4111444143,714221S22T,Squad,5,738,7,1,2,2,2616,1648,304,25,786,34,0
5460756837,72839SI182,Solo,3,527,5,0,4,0,1895,2946,209,10,1587,36,0
5739048813,25233X46L6,Solo,2,844,8,0,3,0,2015,2071,133,14,789,18,1
4014069465,8J46W41847,Solo,5,1372,13,0,7,0,1864,2735,396,18,771,29,1
2122392204,U50563P325,Solo,5,738,7,0,7,0,2851,1902,413,12,803,22,0
5727245520,K5L3160548,Squad,4,1161,11,0,2,1,920,919,273,15,809,30,1
2935199169,76123WN577,Solo,6,633,6,0,6,0,1215,398,402,6,642,38,1
2032520817,T671404N08,Solo,7,1055,10,0,5,0,267,260,36,12,688,27,0
2599588456,9J75211L61,Duo,4,1583,15,3,8,1,449,121,373,15,713,31,1
5403682321,9979E5732G,Duo,6,844,8,1,4,4,298,1237,429,16,781,29,1
5797572943,E43R358001,Solo,2,1583,15,0,7,0,1634,1913,167,16,643,22,1
3022794225,71T485876H,Duo,3,1161,11,0,6,2,2751,862,376,22,759,32,1
4446947917,6543Z784K6,Solo,2,1477,14,0,7,0,2870,1885,437,14,786,23,0
4008172580,0248B729D4,Duo,5,422,4,0,2,2,1528,288,17,12,1279,36,1
3723358516,SB06494109,Solo,3,422,4,0,5,0,274,1744,189,8,1043,18,0
3540536501,D91236E474,Solo,4,422,4,0,4,0,512,141,100,10,603,19,1
2971029922,61D548B786,Solo,7,1161,11,0,7,0,2339,1696,128,19,652,23,0
5909427678,0A2141K488,Duo,3,1161,11,3,7,3,240,2960,167,16,842,12,1
5309942163,138F87877C,Duo,2,1266,12,3,6,3,765,1238,348,21,762,36,0
5131086308,10121G1S12,Duo,6,1161,11,3,3,0,2485,2309,310,21,810,29,0
5164943103,55906H989A,Squad,6,950,9,1,4,4,490,1886,307,15,685,28,0
3885924583,38057246SB,Duo,2,1477,14,1,4,0,2229,2499,186,14,798,27,1
4359886673,I73J421550,Solo,7,844,8,0,8,0,2742,1499,432,11,639,17,0
3149941871,9J5O367823,Duo,7,1583,15,1,7,0,1619,783,426,22,628,34,1
5855483788,036B9W3911,Solo,5,1055,10,0,3,0,1597,1358,233,15,671,25,1
4207208671,3754GY8707,Squad,2,633,6,2,8,2,868,1186,104,16,604,26,1
5824110443,8345W5221E,Duo,4,950,9,0,4,4,2114,2273,329,27,699,38,0
3742567190,0H958J1404,Solo,7,211,2,0,3,0,2610,827,122,12,1560,20,1
2467782597,088892C97Z,Squad,6,1161,11,0,6,4,1869,2969,39,29,696,34,1
4200308985,C714226D57,Solo,7,1477,14,0,5,0,1522,1730,126,21,740,28,1
2300987963,N522195F96,Squad,3,1583,15,2,8,3,977,72,216,24,610,30,0
3391728131,D93H575650,Squad,2,1477,14,2,4,1,356,2979,455,18,753,28,1
5041631998,Q6056I3885,Duo,7,950,9,0,5,3,1691,1414,345,16,809,40,0
2656057625,6F71034Y95,Solo,5,1477,14,0,3,0,2682,585,305,21,773,20,0
5593524490,938084T68O,Solo,2,1266,12,0,6,0,404,736,330,17,664,28,0
5297660087,794T985U25,Squad,5,844,8,1,2,2,2551,1136,330,17,809,27,0
5397827499,S3613J7991,Squad,4,0,0,1,6,1,1272,1885,340,25,848,22,0
5782458723,23Q44705P6,Squad,5,316,3,2,6,1,2437,2403,131,11,826,15,1
2583784546,7K81804I59,Solo,5,1055,10,0,6,0,1633,1723,464,10,699,23,1
2400073195,E24Z354776,Squad,3,527,5,1,4,1,2693,215,154,18,694,15,1
5318996842,7674J988D4,Solo,5,738,7,0,2,0,2144,403,27,12,846,18,1
2292127737,3E05Q83745,Duo,2,1372,13,0,4,2,460,232,255,17,708,16,1
2940146331,6445FI9371,Solo,7,633,6,0,7,0,638,1035,208,16,833,15,1
2672202072,4098LG6006,Solo,6,422,4,0,3,0,2233,1840,140,14,915,33,1
4405201977,5F922F6227,Duo,7,1583,15,3,7,2,19,2110,446,20,777,37,1
2973782563,76W24F9958,Solo,3,316,3,0,4,0,2331,2314,466,9,610,10,1
3353194442,53JM447005,Solo,3,316,3,0,5,0,2007,936,42,6,1523,10,1
3168802412,4160R3B006,Duo,3,950,9,2,5,1,1150,1185,107,10,798,36,0
3505295215,4Y7595O645,Duo,2,1477,14,1,5,4,697,2794,358,30,841,22,0
5586260170,8481W2Q965,Duo,5,738,7,0,4,2,1145,1852,121,11,621,19,1
3174891232,33B173209Z,Squad,7,422,4,0,8,1,1551,1963,326,28,201,22,0
5547160784,19827T627K,Duo,4,211,2,2,4,2,2385,49,254,16,508,16,1
3638809096,46054115PI,Solo,5,633,6,0,3,0,1593,2766,245,9,830,26,1
3026236211,I638783J35,Solo,5,844,8,0,8,0,491,1787,251,14,733,32,1
4467217423,241432G2E7,Solo,7,0,0,0,7,0,760,1179,230,0,361,16,0
4380890337,DJ16578070,Solo,2,1583,15,0,5,0,1316,578,286,15,682,27,0
2588892819,272388A6R0,Squad,4,1161,11,1,8,3,1299,34,64,17,655,30,1
4586298259,648A60B753,Solo,5,422,4,0,7,0,2606,1759,451,14,749,29,1
2913250053,965542N53R,Solo,4,105,1,0,4,0,33,2065,404,1,249,17,1
3088808479,422314N04R,Squad,4,1477,14,0,2,4,1758,2034,254,15,619,25,0
4999082047,5631BR6218,Solo,2,211,2,0,5,0,1668,2199,111,6,456,13,0
4197412204,3969UD8862,Squad,2,316,3,2,5,1,1838,522,255,24,813,15,1
5584904434,I64071O510,Duo,5,527,5,0,2,4,2428,699,456,10,1268,27,1
3731673767,085D4445E2,Squad,4,738,7,2,8,2,874,1779,53,29,821,25,0
5066425273,1W7784605A,Solo,7,633,6,0,5,0,2523,1611,153,7,781,16,0
2813347465,3U66D85655,Duo,4,1583,15,2,8,2,753,2362,290,16,791,30,1
3073911778,D12T173603,Solo,7,950,9,0,5,0,779,1096,249,19,797,23,1
2984528191,26LY277141,Squad,5,211,2,1,6,0,41,1585,479,26,320,19,0
4421817577,77B096944X,Squad,5,105,1,1,5,0,1417,901,46,29,1608,18,1
4157618165,4M025J5408,Squad,6,633,6,3,6,1,82,2290,233,30,747,22,1
2323274583,6N963H5600,Squad,7,1161,11,3,6,1,365,2456,428,11,776,27,1
5598426030,51K11462J0,Duo,7,844,8,0,3,1,2945,2986,246,8,850,24,0
4168908216,J6765260Z7,Duo,6,1372,13,1,7,4,905,264,478,22,740,33,1
5331497808,Z23Q228819,Duo,3,527,5,0,6,0,2096,936,354,29,1078,23,1
5319788998,6582GK6012,Solo,2,1583,15,0,5,0,222,895,367,22,669,29,1
2768454494,188332T58S,Squad,7,1372,13,3,8,3,2184,2445,218,22,655,22,1
5871478094,6PD4781641,Solo,3,1372,13,0,3,0,1109,1468,320,16,677,21,1
2138776097,7084RE4572,Solo,3,1055,10,0,6,0,407,1737,329,16,682,23,1
2648370525,U0105Y2320,Squad,6,738,7,1,8,3,110,838,226,11,613,43,1
3346890225,S3103081F8,Duo,2,211,2,0,8,4,1777,1090,166,21,1428,21,1
3484242113,A8072A4110,Solo,2,1161,11,0,4,0,1458,2539,432,19,809,28,1
5680445217,68833A0L09,Squad,4,0,0,1,7,0,2882,1407,297,29,676,17,0
3796273921,3Z450O8999,Solo,2,527,5,0,4,0,692,859,449,7,239,31,1
5241797142,5308JO9733,Squad,3,633,6,2,8,0,1602,932,226,6,663,40,1
3299225586,642395G8Q5,Duo,7,1055,10,1,8,1,1708,966,164,20,764,40,1
5670141889,D67183M542,Squad,5,1372,13,0,4,1,690,824,80,30,847,28,0
5309328151,340098P99L,Solo,5,105,1,0,3,0,1691,1255,361,7,152,19,0
2136908627,7G866K3275,Squad,2,527,5,1,4,1,790,2060,37,12,1643,11,1
3582722321,3Q74J69541,Duo,5,422,4,1,8,1,1842,2465,23,6,814,39,0
3942062166,812O66503W,Squad,6,1055,10,2,7,2,1294,1411,457,16,643,20,0
5483860738,1752QI5676,Solo,2,105,1,0,4,0,1354,443,80,10,733,15,1
3760041325,J460D32186,Squad,2,1372,13,3,2,0,1333,1153,190,23,621,21,0
4947658016,6C49I91974,Duo,5,316,3,2,8,0,299,2998,395,12,675,15,0
2654424350,T9O4294744,Squad,2,1477,14,0,7,0,1621,2569,127,29,847,28,0
4784258675,45871410ZP,Squad,3,1055,10,3,6,0,307,2391,211,28,642,26,1
3301908832,8J9L590433,Duo,5,950,9,3,8,4,494,847,96,30,742,24,1
5837398958,6719309B9O,Squad,4,422,4,2,8,2,923,2212,200,26,487,36,1
3820875698,2X0672D191,Duo,3,950,9,3,4,3,962,2554,26,17,841,20,1
2324093193,P0210940J5,Squad,6,211,2,0,2,4,2664,2072,418,6,670,16,0
4814352907,2G9467051Z,Solo,6,1372,13,0,7,0,521,1871,395,14,828,26,0
5300527780,95P81L5628,Duo,4,633,6,0,7,1,1426,2729,338,25,719,28,1
5590525466,1H70H87327,Duo,6,633,6,3,3,0,194,559,175,30,610,25,1
3253776197,564L9M1910,Squad,3,738,7,2,5,1,463,2321,219,12,714,11,1
3550429505,75769XB886,Squad,5,1161,11,2,8,1,9,2742,45,17,727,21,0
5727873243,1F1594R688,Squad,5,950,9,1,7,1,2776,2772,345,9,642,26,0
3737684948,9423811P6D,Squad,7,527,5,0,8,4,797,2571,117,28,903,31,1
3415557499,4413W3354Z,Duo,7,1055,10,3,2,0,2598,2233,92,28,795,38,0
3614158685,434E45J180,Squad,3,105,1,1,5,0,601,38,253,13,751,15,0
3845703725,5518C6D634,Solo,4,0,0,0,2,0,2794,972,15,0,1324,19,1
2219635750,1N3R748802,Solo,4,1583,15,0,5,0,2778,1277,392,16,767,30,0
2777769743,Z063480R63,Duo,5,1583,15,1,8,3,2152,1363,206,27,829,25,1
5816172883,Q7442711M3,Duo,5,105,1,0,8,3,2254,2040,299,30,880,39,1
3626154258,4P3731V491,Squad,6,633,6,1,5,2,1667,2607,130,10,784,32,0
5213568290,273J69N889,Solo,3,950,9,0,2,0,1517,1970,257,13,604,20,1
4151223925,9O683867D3,Solo,4,1055,10,0,5,0,2204,855,281,18,672,21,1
5050651516,P4830N5069,Duo,5,1055,10,2,8,1,2992,2363,58,15,778,41,1
2610961069,418A2J1068,Duo,7,422,4,3,3,4,429,2154,175,22,1600,30,1
4617621896,9839Y069U4,Solo,3,527,5,0,4,0,261,2495,439,6,657,18,0
4641142139,97393E0R67,Duo,3,527,5,0,7,2,1693,1364,174,26,982,37,0
5976029204,1PV1493304,Solo,4,950,9,0,2,0,2102,1677,478,9,640,28,1
5120417846,777607T0U6,Solo,5,105,1,0,4,0,2754,724,444,11,1176,10,1
5698960510,0385ZK0065,Squad,5,1161,11,3,3,3,2140,2201,125,23,744,26,1
2781978004,Q02R704835,Squad,2,422,4,0,8,0,2114,493,20,10,786,45,0
4449810966,0X050A8942,Duo,5,738,7,2,8,2,2373,771,492,11,694,15,1
4409478075,7H03O90649,Solo,4,1477,14,0,6,0,2745,569,136,23,706,23,0
5959088245,Y934777O57,Duo,6,1266,12,2,4,2,699,1652,442,20,783,13,1
2805339297,W7496I5445,Squad,5,844,8,1,5,0,1848,2049,392,28,735,29,1
2615428059,O17614166B,Solo,7,738,7,0,5,0,1683,2623,401,12,769,14,1
4572131455,O9428R8364,Solo,2,738,7,0,2,0,1975,1244,405,10,625,45,1
5813556804,5406N65E52,Duo,5,1372,13,0,5,2,1591,1532,199,25,840,34,1
4388377728,394V69355C,Duo,2,738,7,1,8,1,2778,56,333,11,798,15,1
4014566938,F04995I371,Squad,7,316,3,0,5,3,2090,2049,150,4,1082,16,1
5753872820,129Q412Y49,Solo,4,950,9,0,6,0,2628,835,263,11,755,25,0
3279753018,0905PA3582,Squad,4,1266,12,1,7,4,1203,100,463,12,734,25,1
2411013552,410A26095P,Duo,7,633,6,1,5,1,730,917,498,29,839,22,0
5142878698,471919LF64,Duo,4,527,5,0,7,0,2074,2040,342,25,412,28,0
4249355253,4P57034J46,Duo,4,1055,10,0,5,3,261,2422,175,30,800,29,0
2955487050,87I755563Z,Squad,2,1161,11,3,4,1,1348,773,379,24,826,34,1
4782326535,2236594II2,Duo,3,422,4,1,7,3,1653,1177,357,14,535,19,1
4373923166,08509R8T31,Duo,7,1266,12,2,7,0,1121,1034,441,19,653,18,1
3932644089,63809Z721F,Duo,4,422,4,3,4,1,2447,153,180,13,816,37,0
3395318879,1TN4441644,Duo,7,527,5,2,2,2,553,1327,159,24,1095,27,1
4066048695,891990Q9Q4,Solo,6,950,9,0,6,0,1102,1167,15,15,728,27,0
5491007489,6319TX2614,Duo,5,844,8,3,7,2,1947,772,90,19,846,26,1
3327883513,V324010D21,Duo,3,633,6,1,4,2,1248,2573,251,11,761,38,1
4808074948,5378D48U18,Duo,4,1372,13,1,4,2,2839,1001,30,19,810,33,0
4626422702,025FW41971,Solo,2,0,0,0,3,0,559,626,102,0,646,14,1
5433641537,710419H4T2,Duo,2,0,0,2,3,4,427,1414,146,17,134,13,1
5167433134,121HT89457,Squad,3,738,7,3,7,2,173,2689,28,29,623,40,1
5762204793,68B8228A06,Duo,5,1161,11,1,6,4,222,669,30,14,756,11,1
2063440209,26U4097G51,Duo,4,316,3,0,2,0,2601,2981,136,15,938,41,1
2797030034,49L392L036,Squad,3,422,4,3,5,4,2581,2556,120,23,191,23,1
4225632892,21204K165G,Squad,3,527,5,2,6,2,2547,163,240,22,401,39,1
4223197221,Z87089570S,Squad,6,0,0,2,7,1,1412,2891,260,26,702,19,0
5824087336,219I4T0280,Solo,3,1161,11,0,8,0,21,2857,415,21,798,26,1
5466758333,G132N07603,Squad,2,1372,13,1,5,3,2686,2870,57,27,636,26,1
3679575907,59Z04192M3,Duo,5,527,5,3,4,0,2323,525,482,13,1416,14,1
5752281245,8V01092G47,Solo,6,105,1,0,6,0,2340,1904,257,10,311,11,0
2074591527,I8E2540338,Duo,7,633,6,2,2,0,902,484,25,24,723,34,1
3290826526,49Y861W870,Duo,2,1055,10,2,8,4,1490,86,309,18,609,42,0
4059753525,5Z851912D8,Solo,7,1161,11,0,8,0,1870,2807,117,16,745,21,1
3581324702,62A71H2865,Solo,4,1055,10,0,8,0,1144,207,96,18,623,23,0
3695654995,984254O3A1,Duo,5,738,7,3,4,1,596,1686,112,8,809,16,0
2870477576,790P83H059,Solo,6,1372,13,0,2,0,960,2312,426,16,809,25,0
4315688641,457A82065X,Duo,3,316,3,2,3,2,363,1779,480,29,853,27,0
5719180211,58I03061X4,Solo,6,1266,12,0,2,0,1343,2669,242,13,812,21,1
5513490676,44W440D477,Duo,3,0,0,1,7,4,1726,2993,7,19,1427,15,1
4225140450,7016V5849T,Solo,4,422,4,0,4,0,1958,663,1,4,1246,16,1
2342293817,E6325877N8,Squad,4,738,7,3,3,4,2615,750,273,30,760,22,0
5006120621,81248365FO,Duo,2,633,6,1,4,4,326,1753,105,30,785,33,1
5202130861,6X9P014690,Duo,4,950,9,0,2,3,2898,674,281,12,672,18,1
2463894115,7122951KD9,Duo,2,1266,12,2,6,4,1027,521,14,18,643,38,1
5266594300,E62A944489,Solo,6,950,9,0,6,0,132,665,458,11,704,25,1
3390019479,92EO716619,Solo,4,738,7,0,6,0,479,695,277,12,836,12,0
5275586812,104T0689D3,Squad,3,738,7,3,7,3,856,1015,64,30,620,40,1
5706705549,124O0C9087,Solo,4,844,8,0,2,0,1172,528,420,8,692,32,1
5851112192,31491U635C,Squad,2,738,7,2,3,3,1308,1879,180,15,645,24,0
2602122337,R086910L89,Duo,6,1583,15,1,2,3,2731,642,118,16,746,31,1
3651093273,1091K496E6,Squad,2,1583,15,2,4,2,402,272,165,16,695,31,0
5908000705,X50S291611,Duo,4,0,0,0,5,1,1716,256,272,4,193,41,0
5043896546,43492V1E43,Duo,2,844,8,2,7,3,2037,180,209,10,805,25,1
5495840793,7719A8521S,Duo,4,1372,13,2,8,4,1622,2286,422,23,693,16,1
3441255261,111O64B249,Solo,2,0,0,0,7,0,1841,1324,197,0,554,17,0
2942784054,2S351197H6,Solo,7,1161,11,0,8,0,1009,892,24,14,677,21,0
3999558954,035A0001A4,Solo,3,1266,12,0,8,0,950,1826,106,15,769,29,1
5890976971,701921W44L,Squad,4,1372,13,3,2,4,112,1735,73,29,748,20,0
3179806439,127I97B540,Squad,2,316,3,3,3,1,12,684,173,12,881,19,1
2592179142,36Y940549G,Squad,5,1477,14,3,8,1,503,918,269,22,607,28,1
4085409385,N063U93049,Solo,6,950,9,0,2,0,1745,2626,228,11,840,29,1
3347085721,670472Q8Y0,Squad,7,844,8,1,8,0,1600,652,302,11,737,29,1
5822356901,350J07769H,Solo,4,1372,13,0,8,0,1492,2609,260,16,600,29,1
2821344665,Z23502585V,Duo,6,211,2,1,4,2,1480,1370,135,3,515,20,1
3974209204,32H5G20066,Squad,3,1477,14,3,5,4,298,2293,271,21,608,26,0
2089081518,A4G2770793,Solo,7,422,4,0,8,0,1766,780,105,13,636,37,1
2196745395,21771C2G97,Duo,4,422,4,3,2,4,570,749,302,17,589,41,0
4830944829,60B539J272,Solo,2,0,0,0,8,0,2878,730,204,0,386,18,1
3555396214,6136K1A896,Solo,7,105,1,0,2,0,401,341,479,6,440,13,0
4423100124,M665X96825,Squad,2,1583,15,3,3,0,925,1466,159,29,824,27,1
4494166057,4F834535J3,Squad,5,844,8,3,3,0,441,2168,147,14,616,29,0
2646272819,8525M9I421,Solo,2,105,1,0,8,0,1352,544,120,11,1290,20,0
5003989091,6H321M7343,Squad,2,1055,10,0,2,2,2103,580,479,23,631,20,1
5458701859,9Z6U928577,Solo,4,1477,14,0,6,0,1286,670,335,16,714,27,1
5539530304,489B09959D,Solo,5,1266,12,0,4,0,506,2957,336,16,768,28,0
2604701827,8R6984962B,Duo,6,1477,14,2,4,3,534,2085,132,20,693,25,1
5011021929,1819H1G231,Duo,2,738,7,1,7,2,1163,112,430,23,826,37,0
3688934822,H56V395702,Duo,2,950,9,2,8,4,2650,313,371,24,617,32,0
4260373235,78438Z8R83,Duo,6,1477,14,1,3,4,1283,2913,33,16,787,40,0
3059870355,F0T8524380,Solo,6,1055,10,0,7,0,2767,1935,350,12,668,29,0
5796653744,B90W871242,Squad,5,422,4,1,4,2,764,378,465,18,1434,17,1
4032320596,908K9231Q4,Solo,5,633,6,0,6,0,236,1473,276,11,655,35,0
3023438552,879U31111E,Solo,4,105,1,0,6,0,836,2702,426,9,1134,18,0
3760703514,X8K0059027,Solo,3,316,3,0,8,0,2821,1094,423,4,785,16,1
4213250785,8IU5883328,Duo,6,1161,11,2,5,2,2128,0,1,14,762,25,1
4453548303,JT81856062,Duo,2,1161,11,2,4,1,2686,269,334,14,843,17,1
4469180490,7R26I06992,Duo,7,1372,13,1,6,0,202,406,349,18,844,24,0
2125897445,483572JM55,Squad,7,1583,15,0,6,1,1187,1300,69,16,835,32,0
2259823329,5U58B94432,Squad,6,0,0,2,7,2,1782,458,221,19,1616,19,1
5637307658,96211P24Y7,Solo,2,1161,11,0,8,0,2514,1322,190,13,778,23,1
2104827251,01B305I731,Solo,3,950,9,0,3,0,2904,2724,446,17,839,22,1
5193420103,4967W5673W,Solo,2,950,9,0,4,0,873,2440,391,9,844,25,0
5596477754,525O842B80,Duo,2,950,9,2,3,3,815,2819,192,25,758,20,1
2474517902,898HL59712,Squad,5,1266,12,2,5,0,2479,2250,216,23,729,23,1
2143131265,58C03Y0756,Solo,6,527,5,0,8,0,1614,103,185,14,279,43,0
3807251603,4A45823J85,Solo,7,527,5,0,6,0,1463,518,109,14,1314,35,0
3846451459,0H86829I19,Squad,4,1372,13,2,3,2,2546,567,481,18,661,27,0
3697482230,8B2507975U,Duo,3,422,4,0,4,1,2396,848,371,7,732,35,1
3640554532,9346E0091L,Duo,5,0,0,1,5,2,1126,2402,111,29,406,21,1
3166252629,90T16982S9,Solo,5,1372,13,0,8,0,2533,1871,319,19,705,29,1
3051320094,05K33154Y0,Duo,6,844,8,0,6,1,2244,2421,52,20,738,45,0
3054067342,90Y486K525,Squad,3,1477,14,3,5,4,1325,715,302,23,736,29,1
4478159684,903177NZ26,Solo,7,738,7,0,5,0,1317,1942,14,7,659,14,0
4847184462,861483V41O,Duo,6,0,0,3,8,4,1870,1074,464,27,1615,23,1
2259837796,5108567G4O,Squad,2,1161,11,0,5,4,5,2959,395,15,648,30,1
2611002409,335N29B568,Duo,7,211,2,1,4,1,2625,2915,390,3,180,43,1
4142037151,15176E3V77,Solo,5,422,4,0,7,0,334,1970,144,9,1135,12,1
2903358909,6U735406Q0,Solo,4,211,2,0,2,0,2837,2223,43,6,1102,16,1
4561281868,24507I45F9,Solo,6,316,3,0,2,0,1237,654,411,8,1521,12,1
4574026668,13H49W3895,Squad,3,0,0,1,2,4,1488,1248,357,18,1494,22,0
4637199561,46300D73Z4,Duo,6,1161,11,1,7,1,137,2415,238,20,828,11,1
5028821876,D1238Y9942,Squad,5,422,4,3,6,0,1276,320,278,13,984,16,1
2574934606,95143U7J87,Solo,6,738,7,0,8,0,1751,1215,13,10,670,35,1
5266274849,S3P6181312,Solo,4,1372,13,0,2,0,2,364,400,23,603,20,0
2037672065,544686P33K,Solo,3,1055,10,0,6,0,1148,2077,24,14,778,29,0
4655166502,1678D6322R,Duo,4,1161,11,2,2,4,2609,557,272,20,750,39,1
2699461389,58F18881C4,Duo,7,1266,12,1,3,0,1918,2858,159,28,800,40,1
3477644559,89PF414181,Squad,4,1372,13,2,3,4,1429,2675,474,26,636,28,1
5072165163,4B48483F98,Solo,5,211,2,0,7,0,1205,84,188,8,762,15,1
4220464080,2T602423R4,Squad,2,633,6,1,5,3,487,395,123,23,674,40,0
2818908834,43902O642O,Solo,4,422,4,0,3,0,210,2012,58,9,1100,17,0
4263089075,62D08R0018,Duo,7,105,1,2,8,0,14,2029,418,3,1628,34,1
5509914344,0P056U3898,Solo,2,422,4,0,3,0,1297,1864,499,11,293,44,0
2383519683,668A06O009,Duo,6,1477,14,1,4,1,573,1767,100,22,660,27,1
5792385298,48N7886S89,Squad,3,527,5,3,4,3,422,1271,147,23,275,22,0
2675398447,4O28C98709,Duo,4,527,5,0,4,0,1280,310,450,11,1022,27,0
2330385996,01C593U483,Squad,3,1161,11,0,4,1,1377,2407,334,29,740,21,1
3024069889,6Y46Y11958,Duo,6,1372,13,3,6,4,275,2427,466,23,628,28,1
3400225280,5674707KM7,Solo,2,211,2,0,4,0,264,1627,474,7,1128,19,1
2473020419,R4097X0206,Duo,6,1372,13,0,2,4,2668,2,213,15,728,12,1
4111935960,84L866B945,Solo,6,950,9,0,3,0,755,838,89,17,710,24,1
3238467356,50341313NB,Squad,5,844,8,3,3,1,1386,2785,171,13,728,24,0
2998635257,C25621284V,Squad,5,105,1,1,7,3,2333,967,435,21,201,19,1
2883444337,8932J2813H,Duo,7,105,1,0,4,0,2701,1679,281,9,333,21,1
3812851234,5197465FV1,Solo,4,1372,13,0,5,0,1782,1588,20,20,723,22,0
2947191667,53VC261695,Solo,5,527,5,0,3,0,1921,1474,100,15,724,42,1
4662588672,7G9L869301,Solo,6,211,2,0,3,0,2820,212,297,10,1119,16,0
2053810731,5Y5127C838,Squad,7,738,7,2,3,2,1873,2768,238,24,821,20,0
4306940198,218O084N00,Squad,7,422,4,1,3,0,2902,2379,236,14,506,14,1
4628626573,8CN6656715,Solo,3,738,7,0,6,0,1928,892,114,11,655,36,0
5995828707,434F6X9646,Squad,5,844,8,1,7,1,106,655,50,12,850,24,0
2125676815,AY91369418,Duo,2,1055,10,1,7,4,2473,753,26,26,712,21,1
5649027994,093N8354J2,Solo,3,633,6,0,6,0,596,1867,302,16,827,33,0
4337216815,11C47924Q5,Squad,7,1266,12,3,6,2,541,1913,370,22,644,33,1
2943333214,V7825306Y2,Solo,7,527,5,0,4,0,1033,356,470,10,1602,18,0
3418065393,Z7K2546966,Solo,5,211,2,0,3,0,487,1177,269,12,1413,20,0
5699207993,1198P8693K,Squad,6,527,5,0,8,1,1299,2795,407,11,944,21,1
5894709463,KZ04641775,Solo,6,316,3,0,3,0,738,2309,277,3,274,11,1
4512108447,57SR479266,Squad,2,950,9,3,3,1,2675,637,99,12,625,23,1
4372371246,O64Z226933,Duo,2,105,1,2,2,2,619,2424,75,29,1108,30,0
4968473910,6M7011974Q,Duo,3,527,5,3,3,1,647,448,180,27,1303,24,0
4464252326,6CK8153222,Duo,4,1055,10,3,3,0,1217,31,454,18,602,34,1
5266244203,0D966656R2,Squad,7,211,2,3,5,2,1588,1228,412,11,1586,17,0
3423399237,1896D849N6,Solo,2,1055,10,0,4,0,2852,325,344,11,677,24,1
3540112278,516439I5V4,Duo,4,738,7,1,8,1,1120,438,301,22,639,29,0
3911460531,3B769362H2,Squad,5,1372,13,1,4,4,155,482,151,15,745,20,0
5147803930,8059B48Q01,Duo,3,211,2,2,7,2,803,2328,155,7,172,35,1
4640687422,7039XR8997,Duo,2,1477,14,0,4,2,960,2051,297,15,786,35,1
4725161387,55L47653V7,Duo,4,950,9,3,6,0,1745,495,406,16,724,22,1
4034444103,K5B8866285,Squad,3,422,4,2,6,2,2680,249,172,5,673,43,1
4860889415,723530FR73,Solo,5,1372,13,0,7,0,152,2928,430,18,842,23,0
3896580513,37P084Z189,Squad,7,527,5,2,3,3,1683,1568,142,17,249,44,1
5957120500,413Y89869N,Squad,3,844,8,1,8,0,2926,743,271,14,817,27,1
2950464558,25F4D69960,Squad,4,527,5,2,7,3,317,2315,39,9,244,10,1
5541529568,2Q5210W276,Duo,7,844,8,0,5,3,2826,2855,42,30,617,26,0
2741221470,05Z052002G,Solo,4,105,1,0,5,0,1422,2194,201,2,1599,20,0
5425837786,723D7L1257,Solo,7,738,7,0,8,0,2005,2463,33,11,602,22,1
3558010241,543M7M5895,Solo,5,1477,14,0,6,0,1445,2798,480,18,667,23,1
2904843288,N7991157A7,Squad,3,1055,10,3,2,2,1943,1578,267,24,652,28,1
5533370793,91QN244740,Duo,5,316,3,1,3,4,1411,1691,56,17,440,16,1
2211681836,4R23589G29,Duo,7,844,8,3,5,2,1281,2575,5,25,666,40,0
4048689537,381Q249D32,Duo,3,0,0,0,2,2,1037,1215,383,21,149,22,1
2692485264,82350E1M57,Squad,3,105,1,0,5,2,52,1374,90,17,1447,19,1
2412942246,96N2G69549,Squad,5,211,2,0,2,4,1222,1214,190,11,854,15,1
2405738221,21V35777H2,Squad,3,1055,10,3,4,4,2480,1559,417,21,638,27,0
4554483543,M299Y72203,Duo,4,1477,14,3,6,4,2918,1865,80,17,820,44,1
5902339496,7943K0191P,Duo,2,844,8,2,5,1,2622,1784,125,8,738,12,0
4613771392,9D5181F996,Solo,5,316,3,0,6,0,2666,797,475,6,1124,20,0
2594544165,7999306TR6,Squad,6,633,6,0,7,0,211,267,298,29,806,22,1
5283714570,8264A4N554,Squad,5,844,8,2,5,1,1412,2202,11,26,606,20,0
5706236175,5Q568405F7,Solo,2,527,5,0,7,0,1239,1902,134,6,932,5,0
5328796538,L99704G729,Duo,2,1372,13,1,7,0,608,2033,196,14,656,43,0
2282397723,2M96304L05,Solo,3,633,6,0,3,0,2648,1662,237,15,629,20,1
5041896223,96189WC398,Duo,2,738,7,1,7,1,512,38,344,10,606,21,0
5839319084,6703F8K823,Duo,7,105,1,3,6,3,1146,2176,430,14,1624,31,1
4097281601,4913SL5638,Duo,3,738,7,3,7,1,1672,2165,387,22,837,29,1
2563781412,8L249111E6,Duo,5,105,1,3,4,0,703,1588,394,17,331,21,1
4937230217,72484T17P4,Duo,6,422,4,0,4,4,1091,1091,269,20,139,37,0
5682623670,78D1U33151,Solo,7,1055,10,0,5,0,1722,1155,378,18,718,20,1
3869076345,VF87397728,Squad,3,1372,13,3,5,1,1706,2155,73,18,797,30,0
5477746897,588U61342Y,Duo,2,844,8,3,3,2,964,1818,118,19,845,31,0
5235550311,391761O9G1,Duo,7,1477,14,3,5,4,1187,142,271,23,730,44,0
2127557071,79712251KV,Duo,4,105,1,1,5,1,2796,65,394,29,120,21,0
3278221160,73640P629H,Squad,3,738,7,1,5,4,1667,2191,430,17,726,41,1
2597544856,H97M375623,Squad,6,738,7,2,2,4,663,58,162,29,610,28,1
5909898496,97D614890V,Solo,4,527,5,0,8,0,599,1495,491,5,475,20,1
3519066174,7N298067N9,Duo,3,527,5,2,3,1,1570,1106,81,11,1193,41,1
4947738567,107C2744N8,Solo,6,211,2,0,5,0,2337,2098,481,7,460,13,1
2040901304,131128E06Q,Duo,4,1372,13,2,6,3,1293,2201,371,27,612,34,1
5699618921,8X364677B6,Solo,5,316,3,0,2,0,1580,2827,376,10,1636,15,0
4522489796,K4421O0186,Duo,5,1161,11,2,7,3,89,925,380,18,653,16,1
3699588708,IW10997033,Solo,7,1477,14,0,5,0,849,887,320,17,667,23,1
2645597077,M3989S3908,Duo,4,211,2,2,6,3,878,2788,123,14,1505,13,0
4802143749,X74461590O,Duo,4,422,4,1,2,0,795,1101,317,28,1189,34,0
3027686183,467C451V65,Squad,7,527,5,1,2,2,802,2707,427,27,644,38,1
4813755431,352908P7L4,Squad,3,1477,14,0,2,3,320,2076,232,17,683,30,1
3920164607,99Y64L9168,Duo,6,950,9,1,2,1,2458,1744,410,14,629,37,1
3202117174,317H9X3425,Squad,5,1372,13,0,7,1,279,1937,479,17,762,22,1
5674391509,41B2O75211,Squad,7,1477,14,3,7,1,2614,575,266,30,647,20,0
4794814111,018D0104Y0,Duo,5,105,1,0,4,2,2914,415,268,25,1382,39,1
5428979243,947648CW94,Solo,7,844,8,0,8,0,1961,718,373,18,633,29,1
2972696744,916842J6O0,Duo,3,1583,15,1,8,2,1986,1084,500,28,753,30,0
4725147775,538685Y0E8,Solo,2,316,3,0,6,0,1275,2141,353,8,1287,20,1
5421173735,R6G2987463,Duo,4,633,6,2,7,2,760,1894,361,11,755,35,1
3516309193,K75019H071,Duo,6,738,7,1,8,4,1920,2123,424,9,839,13,0
3523399077,1M6G598762,Squad,4,527,5,0,8,3,1772,908,106,27,1223,39,0
2656302575,763220OL74,Squad,2,1161,11,2,4,2,1149,909,25,13,614,26,1
3371281308,5J1129084Q,Duo,2,844,8,3,6,0,557,651,383,15,786,30,1
3633770172,02H5112X46,Solo,3,316,3,0,7,0,538,1739,295,13,535,14,1
5129336463,G62283F910,Duo,5,738,7,1,6,1,630,1926,247,22,720,23,1
4789076891,76394P2F14,Duo,6,1372,13,1,8,1,2067,1224,305,21,661,24,1
5382180484,732J7Y6006,Solo,7,422,4,0,6,0,1719,2785,90,13,840,44,1
2173679761,Y25821737C,Squad,7,633,6,1,6,0,1918,2492,431,29,691,26,1
3031708002,2J1M230916,Duo,5,1161,11,1,6,0,1203,340,310,20,808,24,1
5510785186,3089688ES2,Duo,6,950,9,0,4,1,1833,2509,302,26,831,28,1
4895899873,73Z34711B3,Duo,6,738,7,1,3,2,695,1670,273,24,671,30,0
5852630615,P9947T9358,Solo,3,633,6,0,5,0,1187,1912,255,13,721,26,0
4003417793,14E0766M92,Squad,6,527,5,0,4,0,1920,2254,340,12,790,43,0
3281038976,578U3U3234,Duo,6,738,7,0,2,1,152,442,120,16,622,19,0
2659587545,946Y2274Q8,Squad,3,738,7,0,6,2,2490,2107,284,22,650,20,1
4014216461,D32314C521,Duo,4,1372,13,1,5,0,1975,452,214,16,662,18,1
2255294294,47KI660973,Duo,2,1477,14,0,2,3,2202,2005,71,17,723,16,1
5088784745,1271675A5B,Solo,5,1161,11,0,2,0,190,2225,391,20,830,20,1
3077181551,875OT10038,Duo,3,1583,15,0,5,0,1091,2231,453,27,825,38,1
2282102240,752OG42570,Duo,2,633,6,1,4,2,1563,2904,367,19,717,18,0
2633859806,R7691867U5,Solo,4,950,9,0,7,0,2447,326,162,12,718,24,0
4568932466,819J28L656,Solo,5,1161,11,0,5,0,1744,888,98,13,845,24,1
4523350857,16326ZD444,Solo,3,1477,14,0,6,0,897,888,129,14,835,23,0
2882637726,9PO2561910,Solo,7,1055,10,0,7,0,1001,1562,91,17,724,30,1
5781783569,61604658FR,Solo,7,1161,11,0,8,0,1604,2958,55,19,830,20,1
5564578912,15928U490C,Solo,5,738,7,0,2,0,1145,406,23,17,653,34,0
5183395434,42Q15403W1,Squad,5,422,4,0,2,0,798,2877,47,28,1426,21,1
3574195641,05041M808O,Squad,6,844,8,3,7,3,1765,710,403,17,736,25,1
3925504124,57745A42K7,Solo,5,422,4,0,5,0,1294,2234,366,12,1254,16,1
3327972065,SI86542632,Duo,5,844,8,0,8,0,1429,149,62,25,695,26,1
3239997924,9934I148O8,Duo,2,1055,10,2,8,1,2274,2212,498,13,674,27,0
4789559333,86689L987W,Squad,7,105,1,0,4,3,1380,953,223,25,1643,21,1
4733669272,3I54T07169,Squad,5,1583,15,3,6,4,2960,2218,125,23,796,22,0
5620512077,9C689312O7,Duo,3,211,2,1,6,2,678,10,271,24,1328,23,0
3041683253,705BV27851,Duo,4,316,3,2,6,1,1254,130,204,4,1407,19,1
5733341018,189907OP74,Squad,2,1266,12,2,7,2,171,362,171,30,765,30,0
2535464211,P009H67289,Squad,4,738,7,2,4,3,993,1232,309,17,798,10,1
2372275301,X931N31446,Solo,2,316,3,0,7,0,709,1766,157,11,1316,19,1
3647846709,3U3I481162,Solo,7,633,6,0,6,0,669,2816,351,16,728,21,1
3732798990,80906K73G8,Duo,2,1477,14,0,8,4,2577,1821,113,15,656,25,1
2421609989,P300755D43,Duo,7,105,1,2,2,3,1980,451,325,5,1156,35,1
5295498108,554GG66765,Squad,7,1161,11,1,8,4,1122,2995,301,21,786,24,0
2533273881,TA88408102,Squad,5,738,7,1,6,2,2023,1393,128,22,669,32,1
4538228935,773P874L63,Solo,3,844,8,0,6,0,2867,382,5,17,719,21,0
4456086011,4803M3R719,Solo,2,1055,10,0,5,0,2370,2180,63,11,784,28,1
2767936329,40N66417W8,Duo,2,316,3,3,3,4,2038,1556,191,4,656,21,0
2193546134,SK33241901,Squad,4,422,4,3,8,2,2291,2886,303,7,924,23,0
4022169223,IU90389905,Squad,7,738,7,2,6,3,697,355,408,13,685,19,0
4257442664,859PZ67454,Duo,3,738,7,3,6,3,58,464,40,21,654,26,1
4711591547,09M29W6305,Duo,6,844,8,2,8,4,1808,2297,61,8,726,27,0
2533548316,170104E8Z0,Squad,2,633,6,2,4,2,2964,2425,486,12,755,28,1
3333203127,8050Q9402R,Duo,6,211,2,3,5,4,344,2020,290,25,595,32,1
3861585524,32C6716K59,Solo,4,0,0,0,8,0,298,342,13,0,1084,13,1
4357421582,23278W25V3,Solo,3,1583,15,0,2,0,1420,378,165,16,705,23,0
2681476375,06140178TB,Squad,2,844,8,3,6,0,2985,711,348,29,840,28,0
4211749232,2G6N862277,Squad,5,844,8,3,2,0,2629,1252,147,20,642,27,1
4658014684,560K097Y82,Squad,6,105,1,1,4,4,689,1391,120,10,913,17,0
5320503824,27669M343Y,Solo,7,211,2,0,7,0,36,1213,313,6,884,16,1
2158814728,78230597WL,Duo,5,105,1,1,2,0,97,790,321,16,528,40,0
2064904202,03WC777163,Duo,6,950,9,3,4,3,1664,1739,311,19,727,13,0
3032692756,S14A346703,Duo,6,316,3,1,8,4,1767,1084,170,8,1519,14,1
3469868416,02603P1X34,Squad,3,1477,14,0,4,1,1608,2728,217,14,713,24,1
5382835785,L5A7640036,Solo,5,211,2,0,4,0,2464,1529,239,7,1085,12,1
4159742860,117G7511M9,Duo,4,211,2,1,2,0,2714,416,396,4,317,18,1
2374526006,69884H78U1,Duo,4,0,0,1,8,2,1516,2256,384,19,694,28,1
5945415991,007554I0J9,Squad,5,316,3,3,6,2,1899,2999,440,11,1287,20,0
3684403534,1J444K5952,Squad,2,950,9,1,7,4,181,1776,382,9,821,22,1
3085510032,94F00F3240,Squad,4,1161,11,0,8,2,2083,534,243,13,644,30,1
2532401416,67YO610019,Duo,7,211,2,3,6,0,2656,2190,335,9,1605,40,0
2375691161,T64515988J,Duo,5,1055,10,0,5,4,1425,1394,325,14,622,30,0
4816458851,3458X5313D,Solo,6,1266,12,0,4,0,85,2111,72,22,745,26,1
5516419818,W5425Z4110,Solo,7,950,9,0,5,0,1488,2521,354,14,737,22,0
5447316750,MM96178243,Duo,4,211,2,3,2,4,268,403,289,16,1028,20,1
2571910301,05G16Q1851,Squad,2,950,9,0,4,1,1478,1326,449,18,722,23,1
2238127111,A2W9158245,Squad,3,527,5,3,4,4,2972,2913,449,7,662,38,0
3894959351,X53857Q162,Squad,5,633,6,1,3,4,29,1422,0,11,728,19,1
5859570893,F8Q5036076,Solo,2,105,1,0,5,0,1227,2785,104,8,883,14,0
4340664239,030J311O93,Duo,4,1161,11,1,5,4,690,724,490,18,817,26,0
4065227173,24S4080B08,Solo,6,844,8,0,6,0,1799,2944,160,16,825,23,0
4327198878,7R05R27247,Squad,7,1055,10,2,8,1,2871,2992,260,12,724,22,1
2759524467,863789M97W,Solo,2,1583,15,0,2,0,2810,1514,298,17,604,24,1
3509006434,42H60827S0,Squad,7,211,2,2,3,3,2313,565,90,15,565,18,1
4763899110,232G110F03,Squad,7,1372,13,1,8,3,2654,2310,494,20,735,20,1
2127216206,86Z50688A5,Squad,5,1266,12,2,6,2,2411,1939,159,21,604,27,1
4844159572,4P9530205G,Duo,3,738,7,0,5,0,946,1971,340,30,823,30,1
2463922863,E45057X153,Squad,7,105,1,3,6,3,620,716,397,15,1648,15,1
3273190655,612DA04174,Squad,7,950,9,0,3,1,501,1828,51,13,799,27,1
2056133999,04H8740Z83,Solo,2,950,9,0,7,0,442,2249,57,14,708,23,1
2411994051,7652S1Z493,Squad,7,105,1,0,4,1,2984,1021,326,8,1358,22,1
2094435081,E4247B3220,Duo,3,1161,11,3,5,0,1643,1206,80,26,821,35,1
2608604143,287HG94938,Solo,7,1477,14,0,4,0,1824,343,340,16,711,23,1
5440955551,901708W02V,Squad,2,316,3,3,4,4,2100,2587,157,11,1330,20,1
3121587288,704M54621G,Solo,2,1583,15,0,8,0,1247,2448,307,23,775,28,1
3197885751,2J85791S21,Duo,6,844,8,1,7,3,2854,2433,475,19,637,44,1
4736009869,5406711G0B,Duo,7,633,6,1,2,1,1482,1240,294,21,761,36,1
5344176584,149XJ84711,Squad,2,1161,11,0,5,1,2225,867,123,23,657,25,1
5343201757,303B37Q632,Solo,4,844,8,0,2,0,2203,893,350,18,841,18,0
3383852650,1027X91S54,Duo,5,950,9,1,3,3,197,1140,278,12,646,21,0
3924729926,601N90469Z,Solo,5,844,8,0,4,0,2449,2790,125,12,818,27,0
2721541029,96G676F796,Duo,4,316,3,3,5,0,2877,2206,93,16,275,22,1
4550288996,920R13322V,Squad,6,105,1,0,6,3,1055,870,279,2,1046,22,1
4052188020,D63P468468,Solo,7,0,0,0,7,0,556,2896,447,0,185,15,1
5089480020,49G17W2939,Squad,6,844,8,0,4,1,1031,125,394,11,777,20,1
4451386923,H60599X812,Squad,7,316,3,2,7,3,723,1514,303,14,1165,17,0
4321302845,973AU76609,Duo,7,844,8,2,5,4,2742,592,112,8,765,23,1
4339184819,2X9474493I,Solo,7,422,4,0,8,0,875,2385,329,5,186,40,1
5496552207,9653SH2558,Solo,3,105,1,0,3,0,1695,1298,258,9,812,20,1
3030275158,109CK90467,Solo,4,316,3,0,4,0,2349,2082,359,4,1189,16,0
3368446458,T5283P4792,Squad,7,316,3,0,4,0,60,2902,275,12,493,22,0
3428300147,C970813V18,Solo,4,0,0,0,2,0,2891,2929,403,0,992,10,0
3364227537,42H8934A02,Squad,6,527,5,3,8,3,2879,1505,75,17,206,44,1
2000324935,J15W963338,Duo,6,633,6,3,2,2,2271,1620,414,8,718,34,1
3059454748,8N793M7525,Squad,7,738,7,3,3,4,925,2272,38,13,723,36,0
4247625182,0610593Z6P,Solo,6,0,0,0,3,0,1600,2270,347,0,619,17,0
4369774028,08S12F0735,Solo,6,1055,10,0,8,0,2062,2198,495,17,691,29,1
3134896253,78Z097L169,Solo,4,1583,15,0,6,0,709,446,99,24,825,25,1
3979795230,3111K0839Y,Duo,6,0,0,0,2,3,1688,598,306,8,518,45,0
5436934467,9110560P1V,Duo,2,422,4,2,5,1,2079,2377,403,23,520,34,0
5902297567,2075X43R26,Duo,6,0,0,0,4,3,2897,1256,59,29,294,32,1
4858046059,98563Y99T0,Solo,6,105,1,0,8,0,403,407,180,6,1259,18,1
3224831332,82470E98H9,Duo,3,527,5,2,3,3,2081,902,159,5,585,19,0
4027050957,2T26F40570,Solo,6,633,6,0,6,0,1281,2534,408,10,706,42,0
3976865226,L3H7791321,Squad,3,1583,15,1,7,1,2845,2997,88,29,748,23,1
5836963542,Y91K100868,Duo,5,1161,11,2,2,3,588,2725,43,29,787,28,1
5197264162,89281935XZ,Duo,6,316,3,0,7,2,999,542,94,19,745,31,0
2966697791,3644137LA8,Duo,6,0,0,3,4,4,2428,1747,42,0,1322,23,1
4468490781,N75J073724,Solo,4,1266,12,0,6,0,2859,527,199,17,807,23,0
2215791905,102B34491S,Squad,6,105,1,0,2,0,2225,1068,109,7,1521,16,0
2922353566,221G79J709,Duo,2,1266,12,1,3,3,2364,2864,474,16,718,23,1
3856328573,827N00J137,Duo,5,1266,12,0,4,2,2720,2102,124,26,605,33,1
2113921010,8Z2294U685,Duo,4,527,5,0,5,3,2185,2095,79,7,1193,27,1
4290264013,6950C5I958,Solo,4,1055,10,0,5,0,102,2116,292,13,661,25,0
3937719784,4S8560X618,Duo,5,1583,15,2,2,1,2970,892,211,30,845,30,0
4971655464,0909O79X63,Squad,5,105,1,1,5,3,231,2162,404,6,1230,19,0
5930583674,5849369A8V,Solo,2,633,6,0,8,0,2366,574,99,10,747,35,1
3212849173,Q8N4837771,Duo,7,738,7,2,3,0,764,1321,306,15,664,21,1
4149814730,Q77L272495,Squad,2,738,7,2,4,4,1021,2467,478,14,732,11,1
5674446723,MU57016527,Duo,5,633,6,1,4,0,2481,2357,252,7,834,45,1
4017389939,52855L44I7,Solo,4,1161,11,0,2,0,2535,162,415,20,646,26,1
2036091462,9CT7197315,Duo,4,422,4,2,8,1,309,1909,193,27,238,22,0
4690511209,2V4325C849,Solo,6,1477,14,0,6,0,1312,262,403,15,848,21,0
4272042744,58K8376N93,Squad,7,633,6,1,8,0,1289,1653,190,6,803,30,0
5293043377,5N4718305D,Duo,2,316,3,1,3,4,1684,1047,380,25,1423,25,1
5471767320,2856G842A0,Solo,3,211,2,0,8,0,2194,1909,410,11,1006,14,1
5040940294,6H7778J444,Squad,3,1372,13,3,6,0,2183,2753,16,20,799,26,0
4723982076,2D3W917111,Solo,3,422,4,0,3,0,1767,2004,60,12,651,36,0
2344867261,09HA007551,Solo,4,1583,15,0,7,0,1713,1185,231,22,674,27,1
5358655488,42W23Q8656,Squad,4,211,2,3,8,2,1601,363,171,8,427,19,1
5010736148,85P725E994,Duo,4,1372,13,1,8,0,1039,2916,361,19,800,25,1
5925251217,48RZ295514,Solo,5,1372,13,0,7,0,2988,587,226,19,741,30,1
2708111042,T98X280600,Duo,3,633,6,2,8,1,2163,1310,498,14,641,29,1
5788702179,3F849131L1,Solo,3,0,0,0,6,0,1278,1968,172,0,956,10,1
4267990222,5531381QR7,Squad,2,1477,14,3,3,0,1033,2210,436,18,625,30,0
3740752375,57P6Z45959,Squad,7,844,8,2,8,2,1134,447,8,17,773,21,0
2758868596,09423W90S6,Squad,4,527,5,0,6,2,1877,2299,329,13,1562,25,1
5073554256,0BY9911153,Solo,2,527,5,0,3,0,2862,36,383,15,786,21,0
5670370957,840M4529J2,Squad,5,1055,10,3,3,1,1804,1302,44,20,719,21,1
2677020198,00C912I665,Duo,3,633,6,2,3,1,530,1971,276,29,708,34,1
4691149580,05Y18241S3,Duo,5,738,7,3,8,1,2361,1646,445,20,608,23,1
2928158950,7529A2614S,Squad,4,1477,14,2,3,1,660,2336,159,24,650,23,0
5094688352,983G06K296,Solo,2,1477,14,0,6,0,2493,2355,165,16,771,26,0
2180032640,206B9Q9879,Squad,6,527,5,1,4,1,513,2901,367,19,334,39,0
2628785039,30786J083L,Solo,2,211,2,0,4,0,1780,1104,107,2,1530,11,1
4063742066,63852O966N,Solo,2,211,2,0,5,0,1968,2743,252,8,1425,18,1
4076223300,62982F7X24,Solo,2,105,1,0,8,0,1165,2548,305,11,1548,13,0
5059614454,R94612T960,Solo,6,316,3,0,6,0,930,914,47,13,184,11,0
2559017659,4057TV6500,Duo,2,950,9,1,8,3,719,2885,401,13,808,13,0
5577516455,83I69R9197,Squad,6,0,0,3,7,0,2323,2502,235,2,911,18,1
2793268835,3S5423B817,Squad,7,950,9,0,2,4,2230,10,22,10,831,25,0
2881513407,153W97422B,Duo,5,1266,12,1,8,0,2628,1986,221,22,793,35,0
4630602137,2592X686M5,Duo,2,633,6,1,2,0,25,2943,21,14,763,22,0
2243466877,00141FH304,Duo,3,1266,12,1,7,1,399,658,226,15,656,25,0
4918023200,341D3181A8,Duo,3,1161,11,3,6,1,2724,2204,331,18,828,20,1
4943207764,5G79628T69,Squad,4,422,4,0,6,3,2737,946,289,25,786,26,1
4385439472,06S639136M,Duo,2,422,4,1,4,3,2953,364,241,4,825,34,0
3326394657,09491P51Y5,Squad,3,527,5,0,4,1,655,2532,122,5,262,17,0
3530928940,46W292113E,Duo,2,1161,11,2,8,4,2702,471,270,30,677,22,1
2764456299,8589SZ0125,Squad,5,527,5,1,3,1,1889,677,88,17,224,13,1
5148242350,2725W72L42,Squad,6,950,9,0,7,3,2239,2262,116,22,621,24,0
5717545916,87R9J27617,Solo,5,950,9,0,4,0,1919,2374,153,13,823,21,1
3065197230,52R48H6182,Solo,4,950,9,0,4,0,1817,1999,95,13,821,30,0
4971040527,36816E514W,Solo,7,105,1,0,3,0,1919,1811,302,10,1103,13,1
4411800869,DG47464899,Duo,5,0,0,1,4,4,2784,2991,5,9,649,10,1
4949875044,861L230D66,Squad,2,1372,13,3,7,0,2604,2519,403,18,637,23,1
4794123617,2190O3U387,Duo,6,1055,10,3,3,4,2858,2470,480,12,756,23,1
3490999615,052MF64403,Duo,6,1583,15,1,5,4,1640,888,142,22,608,28,1
4189678359,8289X350T5,Solo,5,1583,15,0,7,0,2447,813,143,24,631,28,0
5905821948,1R3929193U,Duo,7,316,3,1,2,0,1549,370,69,22,540,38,1
2179445344,L21W926995,Duo,2,422,4,3,4,4,2404,2392,386,27,136,20,1
3306012054,2659B93I53,Duo,5,211,2,0,6,1,590,23,393,17,542,42,1
2834061344,640P369K34,Solo,7,633,6,0,4,0,2537,1020,429,9,766,20,1
3151765008,9394430UJ7,Squad,2,1161,11,1,5,4,2823,944,88,21,831,21,1
3351538145,G01H417457,Squad,2,1372,13,0,8,0,822,2120,30,20,671,20,1
5017452429,1481F84X28,Squad,7,1055,10,1,4,0,1293,1797,290,17,767,30,1
5933941445,6414LU6150,Duo,4,1583,15,3,5,4,2522,2998,398,19,745,18,1
3685993546,199948P9U3,Duo,2,422,4,3,2,3,58,2453,58,23,451,32,1
2316560018,P9689Y9286,Solo,4,316,3,0,7,0,1755,2678,303,10,241,17,1
5177614671,40604200EA,Squad,6,211,2,0,8,0,2538,427,132,5,1392,22,1
5085903548,1793S2A879,Duo,6,1372,13,0,5,3,1675,116,354,28,838,35,1
4499109124,0T37640U64,Solo,4,1477,14,0,7,0,2138,2239,65,24,659,25,1
4167242988,03Q2282L73,Duo,3,1477,14,3,8,2,1049,114,198,22,777,29,1
3195794837,277G8147U0,Squad,6,316,3,3,3,4,1165,1231,246,27,200,15,0
4129637105,965240PC31,Squad,3,633,6,0,2,1,1283,720,21,14,629,18,1
2825623875,27W89975X9,Solo,2,1372,13,0,6,0,562,2813,136,20,743,25,0
5898871188,4944W16R20,Solo,2,316,3,0,2,0,1917,2814,69,8,1167,14,1
2793390260,580531Y8T5,Duo,3,316,3,1,6,3,2763,1153,112,25,616,30,0
5055588065,45E36347H8,Duo,6,1266,12,2,8,4,1292,14,379,23,635,37,1
4417752704,80L9Y11156,Duo,2,1583,15,1,8,2,2183,738,43,30,801,28,0
5748494300,75T238V600,Solo,6,844,8,0,8,0,2689,985,343,9,730,11,0
2251944193,96174N013Y,Duo,2,950,9,3,4,4,2524,2480,356,20,612,34,1
2456239033,040NH28540,Duo,4,527,5,2,8,0,796,2663,186,8,974,34,1
5999738680,05JV300594,Squad,4,1477,14,0,8,3,2123,668,310,23,674,28,1
5689034398,3T645K1057,Duo,5,1055,10,1,7,3,1390,280,46,17,829,31,0
5365859500,048690R1I9,Squad,3,527,5,2,6,3,114,408,119,26,664,38,1
5847022019,1R74A08433,Solo,3,1266,12,0,3,0,1746,54,231,19,824,20,1
3461057176,815129G54I,Solo,6,738,7,0,5,0,2254,488,226,8,809,21,1
3594724962,587N97J210,Duo,2,422,4,2,7,2,867,2921,87,5,1424,21,0
2563244997,57NU576558,Solo,2,527,5,0,6,0,1513,1826,337,5,540,22,1
4707026786,266279UD87,Squad,7,1583,15,2,8,3,2128,66,153,20,750,26,0
3273512301,R003226L17,Duo,4,950,9,2,7,2,2450,113,276,9,767,29,1
2282027352,9E003U7271,Solo,6,422,4,0,6,0,358,1868,443,5,1192,18,1
2342909366,770E4O1227,Solo,6,527,5,0,4,0,2682,36,339,7,1299,18,1
3728210490,5545O83H57,Squad,6,527,5,1,7,2,988,1109,134,15,142,11,1
5241190078,M832160J86,Duo,4,105,1,0,5,3,1042,2155,383,3,806,30,1
2262995064,27G259B715,Solo,3,950,9,0,3,0,86,2245,232,19,830,23,1
2291137544,07468I45K0,Solo,2,422,4,0,4,0,403,855,181,14,1607,27,1
3033985391,08833S8M16,Squad,4,950,9,1,5,1,522,1213,390,14,633,23,1
5356590500,0281Q1X666,Duo,2,105,1,0,2,0,2907,1781,57,24,958,21,0
4754171411,W096Q55397,Duo,3,1477,14,2,3,0,864,572,285,23,789,37,0
5747893196,ZK30779669,Squad,5,844,8,1,6,2,1657,2121,112,16,718,20,1
2843172675,59N050388R,Solo,6,738,7,0,5,0,1263,402,30,10,770,26,0
5581812009,62777E92L9,Squad,7,1161,11,0,4,0,839,383,439,12,843,20,1
3655185497,792CO37402,Duo,4,738,7,2,8,0,763,1285,415,8,657,24,1
2518159590,303A4A3106,Solo,4,1583,15,0,4,0,636,1717,182,16,811,23,1
5326384511,2JB3549400,Squad,7,1372,13,2,4,0,2480,1035,165,30,686,31,1
2758978599,35126J748W,Solo,6,1372,13,0,6,0,527,2917,274,20,647,20,0
3052162878,91W38S6663,Squad,3,633,6,1,6,3,436,1223,86,12,824,22,0
5179258296,34H63T3439,Squad,6,633,6,0,4,1,1906,2935,225,7,803,18,0
5196937729,8191I870F0,Duo,3,527,5,3,5,3,339,406,481,11,1610,23,1
5837921983,Q898U46712,Solo,2,1477,14,0,4,0,2996,1797,460,21,719,27,1
2415367720,T95375857L,Duo,2,211,2,2,7,1,625,2932,147,27,713,31,0
4148774770,0696653R4P,Solo,5,1055,10,0,7,0,1001,2531,117,15,740,28,1
3119561286,91584035WO,Solo,2,316,3,0,8,0,2625,1908,455,10,262,20,1
2433366750,53NX606488,Squad,7,1266,12,3,4,0,2196,214,154,21,850,24,0
2539092881,3IK7402968,Solo,7,105,1,0,6,0,1827,2969,228,5,715,13,1
3315108042,3Q9K357300,Squad,6,1161,11,0,3,3,2040,2041,69,14,658,23,1
4942355529,874O73K960,Squad,4,316,3,0,6,0,237,1210,130,8,1527,18,1
5749875001,190T4B7041,Solo,5,105,1,0,8,0,2612,2700,409,5,201,11,1
4280587194,1O675L8417,Squad,2,1055,10,1,7,3,195,1201,135,18,699,24,0
5238349728,M319945K75,Squad,2,1055,10,3,7,1,779,2370,279,10,760,21,0
3503388215,91Y45563R4,Squad,3,527,5,0,5,4,2508,2474,290,17,207,27,0
2837279608,5978470N6R,Duo,5,527,5,1,5,0,2386,958,490,21,1471,25,0
2979223523,9580L54P38,Duo,7,633,6,0,6,0,2345,2121,128,17,753,26,0
3896556910,K21O570991,Duo,3,1266,12,1,6,4,2530,574,484,14,672,39,1
2642727586,1P2831V137,Solo,6,527,5,0,6,0,2292,2058,111,15,1279,12,0
3991122335,4G124578E6,Squad,5,950,9,1,3,4,2781,1754,212,29,763,22,1
4267646528,1V8466463S,Squad,3,738,7,2,4,1,1359,2436,46,15,789,42,1
3107679153,O54562E206,Solo,2,738,7,0,8,0,110,714,327,15,637,23,0
2979977462,56Q461F422,Duo,4,422,4,3,4,1,1165,860,485,14,1568,15,1
3768397004,107T4M2072,Squad,5,1161,11,3,4,0,1199,23,325,19,603,26,1
4830416956,752D1349M5,Squad,3,316,3,2,5,4,509,1841,189,7,519,18,0
4743873600,573G5E6251,Solo,4,1583,15,0,5,0,1639,1267,158,17,703,30,1
3648041070,7G128228G6,Duo,2,105,1,1,3,2,2862,1392,291,19,587,15,1
2083760905,52862IW510,Solo,7,105,1,0,8,0,518,514,286,5,448,18,1
4795541986,1018M68D31,Solo,7,527,5,0,6,0,304,2992,230,9,202,36,1
4552730468,898509JU12,Squad,4,1372,13,2,8,0,2423,198,183,27,704,20,1
5694738186,E162V86235,Solo,7,1372,13,0,7,0,591,1094,354,22,719,28,0
4427736920,93E40828L9,Solo,3,1372,13,0,4,0,657,808,252,19,764,22,1
4364532285,3880105ZB8,Solo,4,1055,10,0,6,0,2245,2925,179,18,617,27,1
4465881929,7G5G339884,Solo,4,527,5,0,6,0,558,115,76,12,547,11,1
2317423728,0C2641B940,Duo,7,1477,14,2,7,3,1997,1544,486,27,636,39,0
4878510913,0530D66H97,Duo,3,1055,10,3,8,4,2537,2385,104,19,731,44,0
3420755080,550433N9R8,Duo,4,527,5,2,8,0,1924,2540,446,19,391,41,1
3910239218,W06870J976,Squad,3,1477,14,1,3,3,155,420,312,29,641,34,1
4491699170,1Y36332O04,Duo,2,0,0,2,8,0,1564,2745,199,27,838,24,1
2480315123,0988K5R869,Duo,7,527,5,2,2,3,2939,2403,267,10,1392,26,1
3528198906,611714Y6T7,Squad,7,1477,14,3,6,4,691,1742,89,18,749,27,1
3272851081,1U2380877E,Duo,2,0,0,3,7,3,1925,2434,431,27,721,26,1
2788228264,7Y1316N564,Squad,7,950,9,0,7,1,218,1776,222,30,804,27,1
2405341838,9T727681D9,Solo,5,422,4,0,2,0,2270,2554,347,7,705,17,1
5837423950,3606098W3O,Squad,3,316,3,2,7,0,231,99,11,27,1310,21,0
4405437866,02671ZF127,Solo,5,527,5,0,4,0,2143,1742,21,11,1043,20,0
4296899647,23S801L966,Solo,2,1583,15,0,7,0,1265,521,425,16,697,28,0
5028518480,E217V03615,Squad,6,633,6,0,8,4,449,2021,31,13,718,40,1
5818501542,27A6577F01,Solo,4,1477,14,0,4,0,798,838,313,17,618,26,1
4776925019,744894S73D,Duo,3,0,0,1,6,4,658,1341,57,10,1214,20,1
4142873078,8V15227Z91,Squad,7,211,2,2,4,0,275,1986,408,18,1215,22,0
3292992872,2D505726Z2,Duo,7,844,8,0,8,2,1158,1497,370,25,646,33,0
2427308923,DT64395509,Squad,6,844,8,2,7,0,2036,348,155,13,734,30,0
4769765617,64207767VB,Duo,5,0,0,1,4,2,854,1352,430,21,516,36,1
4916137235,72951G21V3,Duo,7,211,2,2,8,2,1782,235,174,21,1641,28,0
5463704953,526968PU90,Solo,3,844,8,0,7,0,1020,1018,88,16,800,35,0
5160725436,1KU4653967,Duo,4,1477,14,1,2,1,1106,376,147,18,634,27,1
2177488098,77614PO728,Solo,3,1372,13,0,7,0,1150,667,185,22,758,23,1
2367883753,80B88959F7,Squad,7,633,6,1,3,4,2806,291,208,19,721,39,1
5672562798,919I3M2445,Duo,6,211,2,3,6,1,269,1688,121,21,1368,27,1
4821583380,20D184854X,Squad,7,738,7,2,7,3,633,938,116,25,783,37,0
4173485267,4428264LX9,Squad,3,1266,12,3,6,0,2638,1109,385,15,834,24,1
5136890009,6951W9021A,Squad,6,316,3,1,6,1,1049,406,210,19,896,21,0
4120185061,1822026C5Y,Duo,7,0,0,1,2,4,559,1181,96,29,389,38,1
5533068747,14961214NR,Duo,5,105,1,3,2,2,230,128,101,30,1527,22,1
3753390204,16O586085B,Squad,2,1266,12,1,5,2,869,672,431,14,686,30,1
2688440030,342TK82532,Solo,2,1055,10,0,6,0,926,553,137,11,798,27,0
3731616208,97G7134Z57,Squad,3,316,3,0,5,4,2474,2035,359,30,339,22,0
4610463963,1130FH6037,Duo,2,0,0,2,7,2,21,2646,493,13,1592,10,0
2581679018,662K50832I,Solo,2,1372,13,0,5,0,2142,583,361,14,622,24,0
3083473885,62H351B260,Squad,4,211,2,0,4,2,695,2860,327,21,558,17,1
3452189388,243N176B43,Solo,4,422,4,0,3,0,73,1272,66,13,825,30,1
3615635328,939D26Y229,Solo,5,105,1,0,3,0,889,1483,28,5,1432,13,0
3120266592,5A3J295990,Duo,3,738,7,1,7,2,404,124,177,15,662,35,1
3589970154,55S559930C,Squad,6,1161,11,0,6,1,896,2479,15,24,816,32,0
2308026492,62726O05H5,Duo,2,211,2,0,7,0,64,2824,197,12,1551,29,1
4893190445,17J01595N1,Squad,3,1161,11,1,2,2,1329,730,376,22,627,25,0
4835150841,8F528903J7,Duo,6,1583,15,2,6,3,404,1312,227,20,737,32,0
3090814475,59O11S6867,Squad,4,211,2,2,8,4,2967,2224,3,30,1382,16,1
3060535166,90368C773O,Solo,4,1477,14,0,3,0,1056,994,77,16,723,25,1
5218894595,51857L277M,Duo,5,1161,11,3,2,1,1071,2622,157,18,822,35,1
4236170298,21562US926,Solo,4,211,2,0,8,0,1546,2537,88,7,1623,12,0
3422527743,826D9871J3,Squad,7,1372,13,0,4,1,1702,943,30,21,733,20,1
2167327960,4011P7A551,Duo,3,844,8,3,4,3,1889,2495,401,14,772,31,0
2919856924,O76K679421,Squad,7,1477,14,3,7,2,837,2436,397,18,600,31,1
2850951884,F727N27552,Solo,7,1477,14,0,2,0,280,1114,168,23,751,23,1
4509980659,88M13L5404,Duo,4,1583,15,2,7,0,1758,722,194,18,639,18,0
3455726919,968M0W8073,Squad,4,422,4,3,6,0,1954,2389,488,10,802,18,0
2849769613,921A58352C,Duo,6,105,1,3,5,0,189,1279,138,24,773,37,1
2182446996,50U5A86202,Duo,6,950,9,3,2,1,1482,291,452,12,808,39,1
3133820926,66234YF690,Squad,6,1161,11,1,4,0,2736,1224,410,23,766,29,0
2534977957,12841F5F75,Squad,3,1161,11,3,2,4,2935,2137,285,13,821,23,0
4015509692,D56J982117,Duo,7,738,7,0,5,0,43,2180,345,21,820,25,1
5622295784,22I56D3073,Solo,6,738,7,0,3,0,1385,2601,136,8,780,28,0
3482911410,303702J0J1,Solo,2,527,5,0,2,0,2093,1866,97,9,569,42,0
4088841629,8G6754T355,Duo,7,1055,10,0,5,2,2805,713,98,28,633,22,1
5565620177,261428PI97,Solo,3,738,7,0,4,0,2881,81,186,16,708,19,1
5215860287,01635OP537,Squad,4,1161,11,0,6,3,2940,937,211,15,663,28,1
3056491506,0096H587B3,Solo,4,1266,12,0,6,0,139,1624,41,13,848,20,1
3265522631,IU23741053,Squad,2,211,2,1,6,4,1894,1217,364,15,443,16,0
5649997764,99947296CW,Solo,4,1372,13,0,5,0,2552,2388,129,18,692,30,0
2205058794,9L3544334J,Squad,6,1583,15,2,6,3,1397,995,273,22,714,28,0
5128343907,793G0Y2212,Squad,2,950,9,3,8,0,2325,1888,185,23,612,20,1
3430051622,057B95486R,Duo,2,316,3,3,7,3,1321,106,444,5,279,12,1
5059308883,1F155139T4,Squad,2,0,0,3,3,1,2823,719,422,25,522,18,0
3972464998,98040ML170,Squad,3,1161,11,3,6,3,2531,838,230,18,714,34,1
2918954879,963O0W2596,Squad,6,527,5,0,5,2,2398,826,164,25,1601,39,0
2436302152,44G928537K,Squad,4,105,1,1,3,3,2858,2413,58,30,822,19,1
4087271331,L48293P932,Duo,2,1161,11,3,3,2,2015,818,0,17,782,15,0
4152289305,1751P8Z955,Duo,2,316,3,0,2,2,2180,611,187,5,885,18,1
5573673532,50770ER785,Duo,5,316,3,0,6,0,2249,1337,3,29,539,23,1
4765673641,87N211078Y,Squad,2,844,8,2,3,4,2438,2165,411,27,616,24,1
5304087751,2003112A4F,Solo,5,1372,13,0,8,0,2618,945,177,17,802,21,0
5102148874,H251L24087,Squad,6,105,1,2,4,4,1697,278,291,29,1146,19,0
5678097490,RS96836642,Squad,6,1266,12,0,6,2,2524,2334,101,23,721,25,0
5345967463,E28E869915,Solo,4,211,2,0,8,0,2504,242,94,3,620,18,0
2288932848,37F9886B99,Duo,3,950,9,0,6,4,1266,1592,6,11,697,11,1
3709147597,0964J6409N,Duo,7,1372,13,3,3,0,1872,1413,335,13,791,27,1
3628056806,39336SQ210,Solo,2,105,1,0,3,0,1235,858,374,11,1083,19,1
3722499804,988875ZM25,Squad,6,1266,12,1,6,3,389,512,480,17,744,26,1
2135028352,86M654C891,Squad,3,1372,13,1,8,2,616,171,354,15,730,27,0
2283691649,75G2420J38,Duo,5,1055,10,0,5,2,1088,1486,491,18,726,26,0
5665659882,H7559139E2,Squad,3,527,5,2,3,3,353,1477,483,9,641,25,1
3406229925,W741842G94,Duo,7,0,0,0,4,4,739,2590,67,6,911,40,0
3144394714,384V280Q69,Squad,5,633,6,0,8,4,10,1534,132,28,678,28,0
3355399583,C61405W699,Solo,2,844,8,0,8,0,2068,972,312,9,718,24,1
3203947996,8342N92W58,Squad,7,316,3,0,3,0,2133,2634,22,9,797,16,1
3017449514,X6860573H6,Duo,6,105,1,0,3,0,144,557,405,26,297,30,0
4309360398,46A1369A55,Squad,2,316,3,1,2,2,1151,2010,188,24,1323,17,0
2085739707,61X8720S68,Squad,6,1583,15,2,2,2,2854,1264,140,18,623,27,0
4854493716,294940GI17,Solo,7,1055,10,0,3,0,99,372,120,20,831,29,1
2188748824,8L72G93045,Squad,6,211,2,3,8,3,826,1767,4,10,939,15,1
4890295097,H857719C51,Solo,3,844,8,0,3,0,2211,2729,246,18,765,19,1
5921877527,85K7270D17,Duo,2,1372,13,0,6,4,2346,2553,330,19,837,20,1
2145480649,29582FD591,Duo,5,633,6,2,5,3,2017,1732,476,29,772,33,1
5427626113,53001D7D07,Squad,4,844,8,0,7,3,2379,1425,38,19,768,23,0
3486799612,768767A2F9,Duo,3,527,5,2,4,1,1802,2068,79,11,917,16,0
2732054047,159423X1S5,Duo,6,1583,15,3,8,0,101,2612,63,20,778,33,1
4528010381,27899FN193,Squad,6,0,0,1,8,2,1395,502,111,2,1090,15,0
2263530945,0D796X9078,Duo,5,1055,10,0,2,0,2492,2008,203,12,634,25,1
4735853986,684VB06694,Solo,6,1055,10,0,5,0,611,1630,74,19,769,22,1
5621562662,254Y544N36,Duo,6,738,7,1,8,2,1452,1999,224,9,752,16,1
4320864553,5N5568Y848,Duo,2,1477,14,0,8,3,1013,1588,463,19,715,37,1
3352943351,N59164953H,Duo,7,950,9,3,4,0,1545,2985,150,13,701,27,0
2254933720,334869Z42W,Solo,5,1266,12,0,4,0,2246,1121,40,20,735,30,1
3934739739,1F2879R819,Duo,7,738,7,1,5,2,2837,1885,340,26,844,26,1
5716609078,8D3I708221,Duo,6,633,6,0,4,0,976,2444,434,24,642,38,0
4771557455,42309Q898M,Squad,7,633,6,3,5,2,1416,1320,381,16,692,14,1
5442611038,5T2Z499105,Duo,4,844,8,3,8,2,1312,1158,131,26,675,29,1
3947885226,1Y622C2356,Squad,4,527,5,1,3,0,204,1573,15,5,1099,24,0
3045914290,899Y694C31,Duo,3,422,4,1,4,4,2218,253,272,7,522,11,1
5309696000,3R27A56068,Duo,3,422,4,3,4,3,564,1677,55,18,747,20,1
3486505052,33N49F8268,Squad,4,1055,10,1,5,0,1871,1557,0,22,808,35,1
3337304414,1Y3Y879537,Solo,6,1372,13,0,5,0,1098,1876,388,19,675,22,1
3426275432,39792M72K7,Duo,5,950,9,2,4,0,164,1041,318,24,762,33,0
4217237178,69527V3N29,Solo,7,844,8,0,7,0,1379,1888,34,12,712,26,1
2527627909,3535A65A25,Solo,7,0,0,0,3,0,25,0,443,0,1527,17,0
3050058345,313B0W8662,Duo,3,211,2,2,6,4,968,2382,487,5,1520,16,1
4579276117,9559C9206B,Solo,2,422,4,0,7,0,2731,552,54,11,1058,34,1
2459804452,8R14A57271,Duo,4,0,0,0,8,1,2584,2520,293,17,990,13,1
5876158562,0J76W06300,Duo,6,1583,15,1,2,1,1874,2648,274,18,627,30,1
5495845823,1558A2330R,Solo,7,211,2,0,6,0,1391,1043,305,3,368,17,0
4217761567,F30108786I,Duo,5,1372,13,0,4,4,2825,1083,442,23,725,18,1
4258393229,5E41251K87,Solo,3,1372,13,0,3,0,147,1065,382,16,772,28,0
2989469998,0YY4181332,Solo,7,211,2,0,6,0,800,976,215,6,559,10,0
2505083311,536S85K779,Duo,2,633,6,1,6,0,617,1343,344,29,785,35,0
3424142818,2TT2615460,Solo,4,316,3,0,8,0,2080,1835,330,6,1162,19,1
5314267827,1550649WR8,Squad,7,316,3,3,8,3,421,1030,377,18,889,20,1
3662646710,J68202634O,Solo,2,527,5,0,8,0,1243,1296,199,11,1113,18,1
2594912787,82O23S8282,Squad,6,844,8,0,8,1,2863,516,354,20,776,25,1
2337020830,C0417R1130,Duo,4,633,6,2,7,1,108,2602,357,17,839,18,0
4450398708,3552Z6I996,Squad,2,527,5,0,7,4,727,2717,257,10,1187,16,0
3924597834,710Y7V6670,Solo,5,105,1,0,5,0,918,878,91,2,421,12,1
3247438470,4460M66G77,Solo,2,1055,10,0,4,0,2068,1782,382,16,666,29,1
4786605074,5173JY0883,Squad,7,738,7,3,5,2,151,172,456,25,652,38,1
2059278792,8542XF9207,Squad,2,1477,14,3,3,1,777,1076,219,19,834,25,1
5834011550,663KD45634,Duo,5,738,7,2,8,1,1604,2343,230,11,722,21,1
4005048261,146E092I62,Duo,5,1583,15,3,6,1,1886,47,212,20,808,21,0
5337576031,41C0S30276,Solo,3,1055,10,0,6,0,2987,284,483,10,711,28,1
2876236870,2871A5A480,Duo,6,1055,10,3,3,3,2345,878,135,19,685,39,0
5618826761,80T78000V6,Solo,2,950,9,0,8,0,319,135,148,11,644,21,1
4011331993,2X4085Z693,Duo,2,527,5,1,2,4,2097,988,358,16,841,43,0
3589000961,8514F03R69,Duo,2,1161,11,3,6,2,2085,605,353,20,732,26,1
5141554941,V118826B88,Solo,3,1477,14,0,2,0,759,1871,5,18,722,21,1
